SampleID,Sample_Name,Proteomic_Data,Metabolomic_Data,Plate,Primer,Sample_Type,WT_Location,WT_Time,Plate_Barcode,File_Name
SUH161,SD_Sum_17_100_PSI_Gland_2,Yes,No,Venomic_1,18S,Whole_venom_gland_100_PSI_pressure_exp,SanDiego,2017,AACAGGTTCGC,18S_12641.1.273032.AACAGGTTCGC.fastq.gz
SUH201,SD_Sum_17_WT_Gland_2,Yes,Yes,Venomic_1,18S,Whole_venom_gland,SanDiego,2017,AACTGTGCGTA,18S_12641.1.273032.AACTGTGCGTA.fastq.gz
SUH158,Monterey_SU_17_Gland_4,Yes,No,Venomic_1,18S,Whole_venom_gland,MB,2017_Summer,AAGTGGACTCT,18S_12641.1.273032.AAGTGGACTCT.fastq.gz
SUH162,SD_Sum_17_100_PSI_Gland_3,Yes,No,Venomic_1,18S,Whole_venom_gland_100_PSI_pressure_exp,SanDiego,2017,ACACGGTGTCT,18S_12641.1.273032.ACACGGTGTCT.fastq.gz
SUH272,SD_Sum_17_Prey__10min_1,Yes,No,Venomic_1,16S_V4,Whole_venom_gland_PreyExposure,SanDiego,2017,ACATATACGCG,16S_12608.1.270220.ACATATACGCG.fastq.gz
SUH139,MX_0_5_km_WI_16_1_Gland_5,Yes,No,Venomic_1,18S,Whole_venom_gland,PN_Minor,2016_Winter_Day1,ACATCTTGACG,18S_12641.1.273032.ACATCTTGACG.fastq.gz
SUH261,SD_Sum_17_150mg_L_TC_Gland_5,Yes,Yes,Venomic_1,16S_V4,Whole_venom_gland_antibiotic_treatment_exp,SanDiego,2017,ACATGACATCG,16S_12608.1.270220.ACATGACATCG.fastq.gz
SUH303,San_Diego_SU_17_Gland_2,Yes,No,Venomic_1,16S_V4,Whole_venom_gland,SanDiego,2017_Summer,ACATGTGTCGC,16S_12608.1.270220.ACATGTGTCGC.fastq.gz
SUH273,SD_Sum_17_Prey__10min_2,Yes,No,Venomic_1,16S_V4,Whole_venom_gland_PreyExposure,SanDiego,2017,ACGACGTAGAG,16S_12608.1.270220.ACGACGTAGAG.fastq.gz
SUH157,Monterey_SU_17_Gland_3,Yes,No,Venomic_1,18S,Whole_venom_gland,MB,2017_Summer,ACGACGTCTTA,18S_12641.1.273032.ACGACGTCTTA.fastq.gz
SUH231,MX_0_5_km_WI_16_2_Gland_1,Yes,No,Venomic_1,16S_V4,Whole_venom_gland,PN_Minor,2016_Winter_Day2,ACGATCGCTAG,16S_12608.1.270220.ACGATCGCTAG.fastq.gz
SUH265,SD_Sum_17_1_atm_Gland_4,Yes,No,Venomic_1,16S_V4,Whole_venom_gland_1_atm_pressure_exp,SanDiego,2017,ACGATGTGCTA,16S_12608.1.270220.ACGATGTGCTA.fastq.gz
SUH195,SD_Sum_17_WT_Distal_Duct_1,Yes,No,Venomic_1,18S,Venom_Distal_Duct,SanDiego,2017,ACGCTATCTGG,18S_12641.1.273032.ACGCTATCTGG.fastq.gz
SUH243,MX_1_5_km_SU_17_Gland_2,Yes,No,Venomic_1,16S_V4,Whole_venom_gland,PN_Major,2017_Summer,ACGTAGTATCT,16S_12608.1.270220.ACGTAGTATCT.fastq.gz
SUH299,SD_Sum_17_WT_Proximal_Duct_3,Yes,No,Venomic_1,16S_V4,Venom_Proximal_Duct,SanDiego,2017,ACGTCGACTGA,16S_12608.1.270220.ACGTCGACTGA.fastq.gz
SUH250,Monterey_SU_17_Gland_4,Yes,No,Venomic_1,16S_V4,Whole_venom_gland,MB,2017_Summer,ACGTGATGCTG,16S_12608.1.270220.ACGTGATGCTG.fastq.gz
SUH300,SD_Sum_17_WT_Proximal_Duct_4,Yes,No,Venomic_1,16S_V4,Venom_Proximal_Duct,SanDiego,2017,ACGTGTGAGCA,16S_12608.1.270220.ACGTGTGAGCA.fastq.gz
SUH290,SD_Sum_17_WT_Distal_Duct_4,Yes,No,Venomic_1,16S_V4,Venom_Distal_Duct,SanDiego,2017,ACTCGTCATGC,16S_12608.1.270220.ACTCGTCATGC.fastq.gz
SUH305,San_Diego_SU_17_Gland_4,Yes,No,Venomic_1,16S_V4,Whole_venom_gland,SanDiego,2017_Summer,ACTCTATGCGA,16S_12608.1.270220.ACTCTATGCGA.fastq.gz
SUH262,SD_Sum_17_1_atm_Gland_1,Yes,No,Venomic_1,16S_V4,Whole_venom_gland_1_atm_pressure_exp,SanDiego,2017,ACTGCGACGAG,16S_12608.1.270220.ACTGCGACGAG.fastq.gz
SUH147,MX_0_km_SU_17_Gland_3,Yes,No,Venomic_1,18S,Whole_venom_gland,PN_Sheltered,2017_Summer,ACTGTACGCGT,18S_12641.1.273032.ACTGTACGCGT.fastq.gz
SUH179,SD_Sum_17_300_PSI_Gland_5,Yes,No,Venomic_1,18S,Whole_venom_gland_300_PSI_pressure_exp,SanDiego,2017,ACTGTCGAAGC,18S_12641.1.273032.ACTGTCGAAGC.fastq.gz
SUH230,MX_0_5_km_WI_16_1_Gland_5,Yes,No,Venomic_1,16S_V4,Whole_venom_gland,PN_Minor,2016_Winter_Day1,AGAGCATATCT,16S_12608.1.270220.AGAGCATATCT.fastq.gz
SUH277,SD_Sum_17_Sterile_Gland_1,Yes,Yes,Venomic_1,16S_V4,Whole_venom_gland_in_sterilized_water,SanDiego,2017,AGATCGCTGTG,16S_12608.1.270220.AGATCGCTGTG.fastq.gz
SUH232,MX_0_5_km_WI_16_2_Gland_2,Yes,No,Venomic_1,16S_V4,Whole_venom_gland,PN_Minor,2016_Winter_Day2,AGATGTAGCTC,16S_12608.1.270220.AGATGTAGCTC.fastq.gz
SUH257,SD_Sum_17_150mg_L_TC_Gland_1,Yes,Yes,Venomic_1,16S_V4,Whole_venom_gland_antibiotic_treatment_exp,SanDiego,2017,AGCACGATCTA,16S_12608.1.270220.AGCACGATCTA.fastq.gz
SUH271,SD_Sum_17_300_PSI_Gland_5,Yes,No,Venomic_1,16S_V4,Whole_venom_gland_300_PSI_pressure_exp,SanDiego,2017,AGCGATATCTG,16S_12608.1.270220.AGCGATATCTG.fastq.gz
SUH149,MX_0_km_SU_17_Gland_5,Yes,No,Venomic_1,18S,Whole_venom_gland,PN_Sheltered,2017_Summer,AGCGATGCCTT,18S_12641.1.273032.AGCGATGCCTT.fastq.gz
SUH296,SD_Sum_17_WT_Gland_5,Yes,Yes,Venomic_1,16S_V4,Whole_venom_gland,SanDiego,2017,AGCGATGCTCA,16S_12608.1.270220.AGCGATGCTCA.fastq.gz
SUH185,SD_Sum_17_Sterile_Gland_1,Yes,Yes,Venomic_1,18S,Whole_venom_gland_in_sterilized_water,SanDiego,2017,AGCGTGTCCAA,18S_12641.1.273032.AGCGTGTCCAA.fastq.gz
SUH210,San_Diego_SU_17_Gland_1,Yes,No,Venomic_1,18S,Whole_venom_gland,SanDiego,2017_Summer,AGGCATCTTAC,18S_12641.1.273032.AGGCATCTTAC.fastq.gz
SUH171,SD_Sum_17_1_atm_Gland_2,Yes,No,Venomic_1,18S,Whole_venom_gland_1_atm_pressure_exp,SanDiego,2017,AGGCGACCTTA,18S_12641.1.273032.AGGCGACCTTA.fastq.gz
SUH235,MX_0_5_km_WI_16_2_Gland_5,Yes,No,Venomic_1,16S_V4,Whole_venom_gland,PN_Minor,2016_Winter_Day2,AGTATCAGTCA,16S_12608.1.270220.AGTATCAGTCA.fastq.gz
SUH259,SD_Sum_17_150mg_L_TC_Gland_3,Yes,Yes,Venomic_1,16S_V4,Whole_venom_gland_antibiotic_treatment_exp,SanDiego,2017,AGTCGCATCGT,16S_12608.1.270220.AGTCGCATCGT.fastq.gz
SUH254,SD_Sum_17_100_PSI_Gland_3,Yes,No,Venomic_1,16S_V4,Whole_venom_gland_100_PSI_pressure_exp,SanDiego,2017,AGTCTACTGCG,16S_12608.1.270220.AGTCTACTGCG.fastq.gz
SUH175,SD_Sum_17_300_PSI_Gland_1,Yes,No,Venomic_1,18S,Whole_venom_gland_300_PSI_pressure_exp,SanDiego,2017,ATACTTCGCAG,18S_12641.1.273032.ATACTTCGCAG.fastq.gz
SUH302,San_Diego_SU_17_Gland_1,Yes,No,Venomic_1,16S_V4,Whole_venom_gland,SanDiego,2017_Summer,ATAGAGCTCAG,16S_12608.1.270220.ATAGAGCTCAG.fastq.gz
SUH298,SD_Sum_17_WT_Proximal_Duct_2,Yes,No,Venomic_1,16S_V4,Venom_Proximal_Duct,SanDiego,2017,ATCAGTGTCAC,16S_12608.1.270220.ATCAGTGTCAC.fastq.gz
SUH283,SD_Sum_17_WT_Bulb_2,Yes,No,Venomic_1,16S_V4,Venom_Bulb,SanDiego,2017,ATCATGTCAGT,16S_12608.1.270220.ATCATGTCAGT.fastq.gz
SUH128,MX_0_5_km_SU_16_Gland_4,Yes,No,Venomic_1,18S,Whole_venom_gland,PN_Minor,2016_Summer,ATCGGCGTTAC,18S_12641.1.273032.ATCGGCGTTAC.fastq.gz
SUH301,SD_Sum_17_WT_Proximal_Duct_5,Yes,No,Venomic_1,16S_V4,Venom_Proximal_Duct,SanDiego,2017,ATCTCAGCAGT,16S_12608.1.270220.ATCTCAGCAGT.fastq.gz
SUH187,SD_Sum_17_Sterile_Gland_3,Yes,Yes,Venomic_1,18S,Whole_venom_gland_in_sterilized_water,SanDiego,2017,ATGACCATCGT,18S_12641.1.273032.ATGACCATCGT.fastq.gz
SUH167,SD_Sum_17_150mg_L_TC_Gland_3,Yes,Yes,Venomic_1,18S,Whole_venom_gland_antibiotic_treatment_exp,SanDiego,2017,ATGCGAGTATC,18S_12641.1.273032.ATGCGAGTATC.fastq.gz
SUH207,SD_Sum_17_WT_Proximal_Duct_3,Yes,No,Venomic_1,18S,Venom_Proximal_Duct,SanDiego,2017,ATGGCAGCTCT,18S_12641.1.273032.ATGGCAGCTCT.fastq.gz
SUH239,MX_0_km_SU_17_Gland_3,Yes,No,Venomic_1,16S_V4,Whole_venom_gland,PN_Sheltered,2017_Summer,ATGTAGTGCGC,16S_12608.1.270220.ATGTAGTGCGC.fastq.gz
SUH197,SD_Sum_17_WT_Distal_Duct_3,Yes,No,Venomic_1,18S,Venom_Distal_Duct,SanDiego,2017,ATTCATGGACG,18S_12641.1.273032.ATTCATGGACG.fastq.gz
SUH130,MX_0_5_km_SU_17_Gland_1,Yes,No,Venomic_1,18S,Whole_venom_gland,PN_Minor,2016_Summer,CAATTGTGCAC,18S_12641.1.273032.CAATTGTGCAC.fastq.gz
SUH222,MX_0_5_km_SU_17_Gland_2,Yes,No,Venomic_1,16S_V4,Whole_venom_gland,PN_Minor,2016_Summer,CACAGACTATG,16S_12608.1.270220.CACAGACTATG.fastq.gz
SUH131,MX_0_5_km_SU_17_Gland_2,Yes,No,Venomic_1,18S,Whole_venom_gland,PN_Minor,2016_Summer,CACATTGTGAG,18S_12641.1.273032.CACATTGTGAG.fastq.gz
SUH136,MX_0_5_km_WI_16_1_Gland_2,Yes,No,Venomic_1,18S,Whole_venom_gland,PN_Minor,2016_Winter_Day1,CACGTGACATG,18S_12641.1.273032.CACGTGACATG.fastq.gz
SUH241,MX_0_km_SU_17_Gland_5,Yes,No,Venomic_1,16S_V4,Whole_venom_gland,PN_Sheltered,2017_Summer,CACTGTATAGA,16S_12608.1.270220.CACTGTATAGA.fastq.gz
SUH173,SD_Sum_17_1_atm_Gland_4,Yes,No,Venomic_1,18S,Whole_venom_gland_1_atm_pressure_exp,SanDiego,2017,CAGACATTGCG,18S_12641.1.273032.CAGACATTGCG.fastq.gz
SUH218,MX_0_5_km_SU_16_Gland_3,Yes,No,Venomic_1,16S_V4,Whole_venom_gland,PN_Minor,2016_Summer,CAGATCTGACA,16S_12608.1.270220.CAGATCTGACA.fastq.gz
SUH294,SD_Sum_17_WT_Gland_3,Yes,Yes,Venomic_1,16S_V4,Whole_venom_gland,SanDiego,2017,CAGATGCGAGC,16S_12608.1.270220.CAGATGCGAGC.fastq.gz
SUH145,MX_0_km_SU_17_Gland_1,Yes,No,Venomic_1,18S,Whole_venom_gland,PN_Sheltered,2017_Summer,CAGCTTACTAG,18S_12641.1.273032.CAGCTTACTAG.fastq.gz
SUH274,SD_Sum_17_Prey__10min_3,Yes,No,Venomic_1,16S_V4,Whole_venom_gland_PreyExposure,SanDiego,2017,CAGTCTGATGC,16S_12608.1.270220.CAGTCTGATGC.fastq.gz
SUH153,MX_1_5_km_SU_17_Gland_4,Yes,No,Venomic_1,18S,Whole_venom_gland,PN_Major,2017_Summer,CAGTGATCCTA,18S_12641.1.273032.CAGTGATCCTA.fastq.gz
SUH245,MX_1_5_km_SU_17_Gland_4,Yes,No,Venomic_1,16S_V4,Whole_venom_gland,PN_Major,2017_Summer,CATCACTGTAG,16S_12608.1.270220.CATCACTGTAG.fastq.gz
SUH203,SD_Sum_17_WT_Gland_4,Yes,Yes,Venomic_1,18S,Whole_venom_gland,SanDiego,2017,CATCAGCGTGT,18S_12641.1.273032.CATCAGCGTGT.fastq.gz
SUH150,MX_1_5_km_SU_17_Gland_1,Yes,No,Venomic_1,18S,Whole_venom_gland,PN_Major,2017_Summer,CATCATGAGGC,18S_12641.1.273032.CATCATGAGGC.fastq.gz
SUH237,MX_0_km_SU_17_Gland_1,Yes,No,Venomic_1,16S_V4,Whole_venom_gland,PN_Sheltered,2017_Summer,CATGAGAGACG,16S_12608.1.270220.CATGAGAGACG.fastq.gz
SUH209,SD_Sum_17_WT_Proximal_Duct_5,Yes,No,Venomic_1,18S,Venom_Proximal_Duct,SanDiego,2017,CATGAGTGCTA,18S_12641.1.273032.CATGAGTGCTA.fastq.gz
SUH146,MX_0_km_SU_17_Gland_2,Yes,No,Venomic_1,18S,Whole_venom_gland,PN_Sheltered,2017_Summer,CCAGATGATCG,18S_12641.1.273032.CCAGATGATCG.fastq.gz
SUH165,SD_Sum_17_150mg_L_TC_Gland_1,Yes,Yes,Venomic_1,18S,Whole_venom_gland_antibiotic_treatment_exp,SanDiego,2017,CCAGTGTATGC,18S_12641.1.273032.CCAGTGTATGC.fastq.gz
SUH186,SD_Sum_17_Sterile_Gland_2,Yes,Yes,Venomic_1,18S,Whole_venom_gland_in_sterilized_water,SanDiego,2017,CCTGGATATAG,18S_12641.1.273032.CCTGGATATAG.fastq.gz
SUH258,SD_Sum_17_150mg_L_TC_Gland_2,Yes,Yes,Venomic_1,16S_V4,Whole_venom_gland_antibiotic_treatment_exp,SanDiego,2017,CGACTAGCTCA,16S_12608.1.270220.CGACTAGCTCA.fastq.gz
SUH286,SD_Sum_17_WT_Bulb_5,Yes,No,Venomic_1,16S_V4,Venom_Bulb,SanDiego,2017,CGAGACTAGAG,16S_12608.1.270220.CGAGACTAGAG.fastq.gz
SUH293,SD_Sum_17_WT_Gland_2,Yes,Yes,Venomic_1,16S_V4,Whole_venom_gland,SanDiego,2017,CGATATCGATC,16S_12608.1.270220.CGATATCGATC.fastq.gz
SUH246,MX_1_5_km_SU_17_Gland_5,Yes,No,Venomic_1,16S_V4,Whole_venom_gland,PN_Major,2017_Summer,CGATGAGCGTC,16S_12608.1.270220.CGATGAGCGTC.fastq.gz
SUH129,MX_0_5_km_SU_16_Gland_5,Yes,No,Venomic_1,18S,Whole_venom_gland,PN_Minor,2016_Summer,CGATGTCGTCA,18S_12641.1.273032.CGATGTCGTCA.fastq.gz
SUH228,MX_0_5_km_WI_16_1_Gland_3,Yes,No,Venomic_1,16S_V4,Whole_venom_gland,PN_Minor,2016_Winter_Day1,CGCACATCAGA,16S_12608.1.270220.CGCACATCAGA.fastq.gz
SUH224,MX_0_5_km_SU_17_Gland_4,Yes,No,Venomic_1,16S_V4,Whole_venom_gland,PN_Minor,2016_Summer,CGCATGATCAG,16S_12608.1.270220.CGCATGATCAG.fastq.gz
SUH234,MX_0_5_km_WI_16_2_Gland_4,Yes,No,Venomic_1,16S_V4,Whole_venom_gland,PN_Minor,2016_Winter_Day2,CGCATGTAGTA,16S_12608.1.270220.CGCATGTAGTA.fastq.gz
SUH227,MX_0_5_km_WI_16_1_Gland_2,Yes,No,Venomic_1,16S_V4,Whole_venom_gland,PN_Minor,2016_Winter_Day1,CGCGCAGTGTA,16S_12608.1.270220.CGCGCAGTGTA.fastq.gz
SUH140,MX_0_5_km_WI_16_2_Gland_1,Yes,No,Venomic_1,18S,Whole_venom_gland,PN_Minor,2016_Winter_Day2,CGGACGTTCAT,18S_12641.1.273032.CGGACGTTCAT.fastq.gz
SUH132,MX_0_5_km_SU_17_Gland_3,Yes,No,Venomic_1,18S,Whole_venom_gland,PN_Minor,2016_Summer,CGGTACTTGCA,18S_12641.1.273032.CGGTACTTGCA.fastq.gz
SUH278,SD_Sum_17_Sterile_Gland_2,Yes,Yes,Venomic_1,16S_V4,Whole_venom_gland_in_sterilized_water,SanDiego,2017,CGTAGATGTCG,16S_12608.1.270220.CGTAGATGTCG.fastq.gz
SUH144,MX_0_5_km_WI_16_2_Gland_5,Yes,No,Venomic_1,18S,Whole_venom_gland,PN_Minor,2016_Winter_Day2,CGTATCTGCGA,18S_12641.1.273032.CGTATCTGCGA.fastq.gz
SUH160,SD_Sum_17_100_PSI_Gland_1,Yes,No,Venomic_1,18S,Whole_venom_gland_100_PSI_pressure_exp,SanDiego,2017,CTACAATGTCG,18S_12641.1.273032.CTACAATGTCG.fastq.gz
SUH260,SD_Sum_17_150mg_L_TC_Gland_4,Yes,Yes,Venomic_1,16S_V4,Whole_venom_gland_antibiotic_treatment_exp,SanDiego,2017,CTACATGAGTG,16S_12608.1.270220.CTACATGAGTG.fastq.gz
SUH220,MX_0_5_km_SU_16_Gland_5,Yes,No,Venomic_1,16S_V4,Whole_venom_gland,PN_Minor,2016_Summer,CTAGACTGATG,16S_12608.1.270220.CTAGACTGATG.fastq.gz
SUH288,SD_Sum_17_WT_Distal_Duct_2,Yes,No,Venomic_1,16S_V4,Venom_Distal_Duct,SanDiego,2017,CTAGCTCAGCG,16S_12608.1.270220.CTAGCTCAGCG.fastq.gz
SUH180,SD_Sum_17_Prey__10min_1,Yes,No,Venomic_1,18S,Whole_venom_gland_PreyExposure,SanDiego,2017,CTAGTCAGCTG,18S_12641.1.273032.CTAGTCAGCTG.fastq.gz
SUH217,MX_0_5_km_SU_16_Gland_2,Yes,No,Venomic_1,16S_V4,Whole_venom_gland,PN_Minor,2016_Summer,CTAGTCGACGA,16S_12608.1.270220.CTAGTCGACGA.fastq.gz
SUH126,MX_0_5_km_SU_16_Gland_2,Yes,No,Venomic_1,18S,Whole_venom_gland,PN_Minor,2016_Summer,CTCAGTATGCA,18S_12641.1.273032.CTCAGTATGCA.fastq.gz
SUH141,MX_0_5_km_WI_16_2_Gland_2,Yes,No,Venomic_1,18S,Whole_venom_gland,PN_Minor,2016_Winter_Day2,CTCTAAGCATG,18S_12641.1.273032.CTCTAAGCATG.fastq.gz
SUH219,MX_0_5_km_SU_16_Gland_4,Yes,No,Venomic_1,16S_V4,Whole_venom_gland,PN_Minor,2016_Summer,CTGACTACTCT,16S_12608.1.270220.CTGACTACTCT.fastq.gz
SUH270,SD_Sum_17_300_PSI_Gland_4,Yes,No,Venomic_1,16S_V4,Whole_venom_gland_300_PSI_pressure_exp,SanDiego,2017,CTGTCATGAGT,16S_12608.1.270220.CTGTCATGAGT.fastq.gz
SUH143,MX_0_5_km_WI_16_2_Gland_4,Yes,No,Venomic_1,18S,Whole_venom_gland,PN_Minor,2016_Winter_Day2,CTTCGGCAGAA,18S_12641.1.273032.CTTCGGCAGAA.fastq.gz
SUH196,SD_Sum_17_WT_Distal_Duct_2,Yes,No,Venomic_1,18S,Venom_Distal_Duct,SanDiego,2017,CTTCTAAGGAG,18S_12641.1.273032.CTTCTAAGGAG.fastq.gz
SUH169,SD_Sum_17_150mg_L_TC_Gland_5,Yes,Yes,Venomic_1,18S,Whole_venom_gland_antibiotic_treatment_exp,SanDiego,2017,CTTGCTGAAGA,18S_12641.1.273032.CTTGCTGAAGA.fastq.gz
SUH134,MX_0_5_km_SU_17_Gland_5,Yes,No,Venomic_1,18S,Whole_venom_gland,PN_Minor,2016_Summer,CTTGTAGGACC,18S_12641.1.273032.CTTGTAGGACC.fastq.gz
SUH182,SD_Sum_17_Prey__10min_3,Yes,No,Venomic_1,18S,Whole_venom_gland_PreyExposure,SanDiego,2017,GAACACTTCTG,18S_12641.1.273032.GAACACTTCTG.fastq.gz
SUH151,MX_1_5_km_SU_17_Gland_2,Yes,No,Venomic_1,18S,Whole_venom_gland,PN_Major,2017_Summer,GAAGTCTCGCA,18S_12641.1.273032.GAAGTCTCGCA.fastq.gz
SUH176,SD_Sum_17_300_PSI_Gland_2,Yes,No,Venomic_1,18S,Whole_venom_gland_300_PSI_pressure_exp,SanDiego,2017,GAATCTTCGAG,18S_12641.1.273032.GAATCTTCGAG.fastq.gz
SUH256,SD_Sum_17_100_PSI_Gland_5,Yes,No,Venomic_1,16S_V4,Whole_venom_gland_100_PSI_pressure_exp,SanDiego,2017,GACGACGCATC,16S_12608.1.270220.GACGACGCATC.fastq.gz
SUH240,MX_0_km_SU_17_Gland_4,Yes,No,Venomic_1,16S_V4,Whole_venom_gland,PN_Sheltered,2017_Summer,GACGATGACAC,16S_12608.1.270220.GACGATGACAC.fastq.gz
SUH163,SD_Sum_17_100_PSI_Gland_4,Yes,No,Venomic_1,18S,Whole_venom_gland_100_PSI_pressure_exp,SanDiego,2017,GACGCTAGTTC,18S_12641.1.273032.GACGCTAGTTC.fastq.gz
SUH284,SD_Sum_17_WT_Bulb_3,Yes,No,Venomic_1,16S_V4,Venom_Bulb,SanDiego,2017,GACTAGTGCTG,16S_12608.1.270220.GACTAGTGCTG.fastq.gz
SUH191,SD_Sum_17_WT_Bulb_2,Yes,No,Venomic_1,18S,Venom_Bulb,SanDiego,2017,GACTTATAGGC,18S_12641.1.273032.GACTTATAGGC.fastq.gz
SUH304,San_Diego_SU_17_Gland_3,Yes,No,Venomic_1,16S_V4,Whole_venom_gland,SanDiego,2017_Summer,GAGTAGATCAC,16S_12608.1.270220.GAGTAGATCAC.fastq.gz
SUH214,San_Diego_SU_17_Gland_5,Yes,No,Venomic_1,18S,Whole_venom_gland,SanDiego,2017_Summer,GAGTTCCATAG,18S_12641.1.273032.GAGTTCCATAG.fastq.gz
SUH248,Monterey_SU_17_Gland_2,Yes,No,Venomic_1,16S_V4,Whole_venom_gland,MB,2017_Summer,GATACGCTACA,16S_12608.1.270220.GATACGCTACA.fastq.gz
SUH208,SD_Sum_17_WT_Proximal_Duct_4,Yes,No,Venomic_1,18S,Venom_Proximal_Duct,SanDiego,2017,GATACGTCCTG,18S_12641.1.273032.GATACGTCCTG.fastq.gz
SUH164,SD_Sum_17_100_PSI_Gland_5,Yes,No,Venomic_1,18S,Whole_venom_gland_100_PSI_pressure_exp,SanDiego,2017,GATAGTGCCAC,18S_12641.1.273032.GATAGTGCCAC.fastq.gz
SUH269,SD_Sum_17_300_PSI_Gland_3,Yes,No,Venomic_1,16S_V4,Whole_venom_gland_300_PSI_pressure_exp,SanDiego,2017,GATATCGATCA,16S_12608.1.270220.GATATCGATCA.fastq.gz
SUH285,SD_Sum_17_WT_Bulb_4,Yes,No,Venomic_1,16S_V4,Venom_Bulb,SanDiego,2017,GATATGACGCG,16S_12608.1.270220.GATATGACGCG.fastq.gz
SUH238,MX_0_km_SU_17_Gland_2,Yes,No,Venomic_1,16S_V4,Whole_venom_gland,PN_Sheltered,2017_Summer,GATCAGTACAG,16S_12608.1.270220.GATCAGTACAG.fastq.gz
SUH249,Monterey_SU_17_Gland_3,Yes,No,Venomic_1,16S_V4,Whole_venom_gland,MB,2017_Summer,GATGACACAGT,16S_12608.1.270220.GATGACACAGT.fastq.gz
SUH291,SD_Sum_17_WT_Distal_Duct_5,Yes,No,Venomic_1,16S_V4,Venom_Distal_Duct,SanDiego,2017,GATGCAGTCAC,16S_12608.1.270220.GATGCAGTCAC.fastq.gz
SUH226,MX_0_5_km_WI_16_1_Gland_1,Yes,No,Venomic_1,16S_V4,Whole_venom_gland,PN_Minor,2016_Winter_Day1,GCACGTATAGC,16S_12608.1.270220.GCACGTATAGC.fastq.gz
SUH152,MX_1_5_km_SU_17_Gland_3,Yes,No,Venomic_1,18S,Whole_venom_gland,PN_Major,2017_Summer,GCACGTTCTAA,18S_12641.1.273032.GCACGTTCTAA.fastq.gz
SUH289,SD_Sum_17_WT_Distal_Duct_3,Yes,No,Venomic_1,16S_V4,Venom_Distal_Duct,SanDiego,2017,GCATATCAGAG,16S_12608.1.270220.GCATATCAGAG.fastq.gz
SUH188,SD_Sum_17_Sterile_Gland_4,Yes,Yes,Venomic_1,18S,Whole_venom_gland_in_sterilized_water,SanDiego,2017,GCATGGCTCTA,18S_12641.1.273032.GCATGGCTCTA.fastq.gz
SUH199,SD_Sum_17_WT_Distal_Duct_5,Yes,No,Venomic_1,18S,Venom_Distal_Duct,SanDiego,2017,GCCGCTTAATA,18S_12641.1.273032.GCCGCTTAATA.fastq.gz
SUH190,SD_Sum_17_WT_Bulb_1,Yes,No,Venomic_1,18S,Venom_Bulb,SanDiego,2017,GCCTTAAGCGA,18S_12641.1.273032.GCCTTAAGCGA.fastq.gz
SUH233,MX_0_5_km_WI_16_2_Gland_3,Yes,No,Venomic_1,16S_V4,Whole_venom_gland,PN_Minor,2016_Winter_Day2,GCGACTCGAGC,16S_12608.1.270220.GCGACTCGAGC.fastq.gz
SUH280,SD_Sum_17_Sterile_Gland_4,Yes,Yes,Venomic_1,16S_V4,Whole_venom_gland_in_sterilized_water,SanDiego,2017,GCGATGTCATC,16S_12608.1.270220.GCGATGTCATC.fastq.gz
SUH216,MX_0_5_km_SU_16_Gland_1,Yes,No,Venomic_1,16S_V4,Whole_venom_gland,PN_Minor,2016_Summer,GCTACGTGCAC,16S_12608.1.270220.GCTACGTGCAC.fastq.gz
SUH279,SD_Sum_17_Sterile_Gland_3,Yes,Yes,Venomic_1,16S_V4,Whole_venom_gland_in_sterilized_water,SanDiego,2017,GCTACTCTGAG,16S_12608.1.270220.GCTACTCTGAG.fastq.gz
SUH268,SD_Sum_17_300_PSI_Gland_2,Yes,No,Venomic_1,16S_V4,Whole_venom_gland_300_PSI_pressure_exp,SanDiego,2017,GCTCACAGCTA,16S_12608.1.270220.GCTCACAGCTA.fastq.gz
SUH252,SD_Sum_17_100_PSI_Gland_1,Yes,No,Venomic_1,16S_V4,Whole_venom_gland_100_PSI_pressure_exp,SanDiego,2017,GCTCATGTAGT,16S_12608.1.270220.GCTCATGTAGT.fastq.gz
SUH295,SD_Sum_17_WT_Gland_4,Yes,Yes,Venomic_1,16S_V4,Whole_venom_gland,SanDiego,2017,GCTCTAGAGTA,16S_12608.1.270220.GCTCTAGAGTA.fastq.gz
SUH306,San_Diego_SU_17_Gland_5,Yes,No,Venomic_1,16S_V4,Whole_venom_gland,SanDiego,2017_Summer,GCTGATATACA,16S_12608.1.270220.GCTGATATACA.fastq.gz
SUH211,San_Diego_SU_17_Gland_2,Yes,No,Venomic_1,18S,Whole_venom_gland,SanDiego,2017_Summer,GGTATGACTCA,18S_12641.1.273032.GGTATGACTCA.fastq.gz
SUH174,SD_Sum_17_1_atm_Gland_5,Yes,No,Venomic_1,18S,Whole_venom_gland_1_atm_pressure_exp,SanDiego,2017,GGTCCAACTAG,18S_12641.1.273032.GGTCCAACTAG.fastq.gz
SUH127,MX_0_5_km_SU_16_Gland_3,Yes,No,Venomic_1,18S,Whole_venom_gland,PN_Minor,2016_Summer,GGTTGCACAAT,18S_12641.1.273032.GGTTGCACAAT.fastq.gz
SUH125,MX_0_5_km_SU_16_Gland_1,Yes,No,Venomic_1,18S,Whole_venom_gland,PN_Minor,2016_Summer,GTACGAATCCT,18S_12641.1.273032.GTACGAATCCT.fastq.gz
SUH184,SD_Sum_17_Prey__10min_5,Yes,No,Venomic_1,18S,Whole_venom_gland_PreyExposure,SanDiego,2017,GTAGCAACGTC,18S_12641.1.273032.GTAGCAACGTC.fastq.gz
SUH168,SD_Sum_17_150mg_L_TC_Gland_4,Yes,Yes,Venomic_1,18S,Whole_venom_gland_antibiotic_treatment_exp,SanDiego,2017,GTATCCATGCG,18S_12641.1.273032.GTATCCATGCG.fastq.gz
SUH229,MX_0_5_km_WI_16_1_Gland_4,Yes,No,Venomic_1,16S_V4,Whole_venom_gland,PN_Minor,2016_Winter_Day1,GTCACGACACA,16S_12608.1.270220.GTCACGACACA.fastq.gz
SUH156,Monterey_SU_17_Gland_2,Yes,No,Venomic_1,18S,Whole_venom_gland,MB,2017_Summer,GTCCAGTAATG,18S_12641.1.273032.GTCCAGTAATG.fastq.gz
SUH181,SD_Sum_17_Prey__10min_2,Yes,No,Venomic_1,18S,Whole_venom_gland_PreyExposure,SanDiego,2017,GTCCGCTGAAT,18S_12641.1.273032.GTCCGCTGAAT.fastq.gz
SUH247,Monterey_SU_17_Gland_1,Yes,No,Venomic_1,16S_V4,Whole_venom_gland,MB,2017_Summer,GTCGCTCATGA,16S_12608.1.270220.GTCGCTCATGA.fastq.gz
SUH255,SD_Sum_17_100_PSI_Gland_4,Yes,No,Venomic_1,16S_V4,Whole_venom_gland_100_PSI_pressure_exp,SanDiego,2017,GTCTACACGAG,16S_12608.1.270220.GTCTACACGAG.fastq.gz
SUH267,SD_Sum_17_300_PSI_Gland_1,Yes,No,Venomic_1,16S_V4,Whole_venom_gland_300_PSI_pressure_exp,SanDiego,2017,GTGCACGCGAC,16S_12608.1.270220.GTGCACGCGAC.fastq.gz
SUH212,San_Diego_SU_17_Gland_3,Yes,No,Venomic_1,18S,Whole_venom_gland,SanDiego,2017_Summer,GTTACCTCAGA,18S_12641.1.273032.GTTACCTCAGA.fastq.gz
SUH135,MX_0_5_km_WI_16_1_Gland_1,Yes,No,Venomic_1,18S,Whole_venom_gland,PN_Minor,2016_Winter_Day1,TACAGATGGCT,18S_12641.1.273032.TACAGATGGCT.fastq.gz
SUH225,MX_0_5_km_SU_17_Gland_5,Yes,No,Venomic_1,16S_V4,Whole_venom_gland,PN_Minor,2016_Summer,TACATAGTCGC,16S_12608.1.270220.TACATAGTCGC.fastq.gz
SUH205,SD_Sum_17_WT_Proximal_Duct_1,Yes,No,Venomic_1,18S,Venom_Proximal_Duct,SanDiego,2017,TACCGCTAGTA,18S_12641.1.273032.TACCGCTAGTA.fastq.gz
SUH154,MX_1_5_km_SU_17_Gland_5,Yes,No,Venomic_1,18S,Whole_venom_gland,PN_Major,2017_Summer,TAGAGCCGTTA,18S_12641.1.273032.TAGAGCCGTTA.fastq.gz
SUH264,SD_Sum_17_1_atm_Gland_3,Yes,No,Venomic_1,16S_V4,Whole_venom_gland_1_atm_pressure_exp,SanDiego,2017,TAGATCATGAC,16S_12608.1.270220.TAGATCATGAC.fastq.gz
SUH253,SD_Sum_17_100_PSI_Gland_2,Yes,No,Venomic_1,16S_V4,Whole_venom_gland_100_PSI_pressure_exp,SanDiego,2017,TAGCACGAGTG,16S_12608.1.270220.TAGCACGAGTG.fastq.gz
SUH221,MX_0_5_km_SU_17_Gland_1,Yes,No,Venomic_1,16S_V4,Whole_venom_gland,PN_Minor,2016_Summer,TAGCGTACTCT,16S_12608.1.270220.TAGCGTACTCT.fastq.gz
SUH193,SD_Sum_17_WT_Bulb_4,Yes,No,Venomic_1,18S,Venom_Bulb,SanDiego,2017,TAGGCCGACTT,18S_12641.1.273032.TAGGCCGACTT.fastq.gz
SUH159,Monterey_SU_17_Gland_5,Yes,No,Venomic_1,18S,Whole_venom_gland,MB,2017_Summer,TAGTCAGGCCA,18S_12641.1.273032.TAGTCAGGCCA.fastq.gz
SUH223,MX_0_5_km_SU_17_Gland_3,Yes,No,Venomic_1,16S_V4,Whole_venom_gland,PN_Minor,2016_Summer,TAGTCGATACG,16S_12608.1.270220.TAGTCGATACG.fastq.gz
SUH266,SD_Sum_17_1_atm_Gland_5,Yes,No,Venomic_1,16S_V4,Whole_venom_gland_1_atm_pressure_exp,SanDiego,2017,TAGTGCACTCA,16S_12608.1.270220.TAGTGCACTCA.fastq.gz
SUH251,Monterey_SU_17_Gland_5,Yes,No,Venomic_1,16S_V4,Whole_venom_gland,MB,2017_Summer,TATACGCAGCG,16S_12608.1.270220.TATACGCAGCG.fastq.gz
SUH292,SD_Sum_17_WT_Gland_1,Yes,Yes,Venomic_1,16S_V4,Whole_venom_gland,SanDiego,2017,TATCGCACTAG,16S_12608.1.270220.TATCGCACTAG.fastq.gz
SUH155,Monterey_SU_17_Gland_1,Yes,No,Venomic_1,18S,Whole_venom_gland,MB,2017_Summer,TCAGAGGTTAC,18S_12641.1.273032.TCAGAGGTTAC.fastq.gz
SUH172,SD_Sum_17_1_atm_Gland_3,Yes,No,Venomic_1,18S,Whole_venom_gland_1_atm_pressure_exp,SanDiego,2017,TCAGGCGCTTA,18S_12641.1.273032.TCAGGCGCTTA.fastq.gz
SUH263,SD_Sum_17_1_atm_Gland_2,Yes,No,Venomic_1,16S_V4,Whole_venom_gland_1_atm_pressure_exp,SanDiego,2017,TCATGCGCATC,16S_12608.1.270220.TCATGCGCATC.fastq.gz
SUH138,MX_0_5_km_WI_16_1_Gland_4,Yes,No,Venomic_1,18S,Whole_venom_gland,PN_Minor,2016_Winter_Day1,TCCACAGGAGT,18S_12641.1.273032.TCCACAGGAGT.fastq.gz
SUH148,MX_0_km_SU_17_Gland_4,Yes,No,Venomic_1,18S,Whole_venom_gland,PN_Sheltered,2017_Summer,TCCTAGCAGTG,18S_12641.1.273032.TCCTAGCAGTG.fastq.gz
SUH281,SD_Sum_17_Sterile_Gland_5,Yes,Yes,Venomic_1,16S_V4,Whole_venom_gland_in_sterilized_water,SanDiego,2017,TCGCATCTGAC,16S_12608.1.270220.TCGCATCTGAC.fastq.gz
SUH213,San_Diego_SU_17_Gland_4,Yes,No,Venomic_1,18S,Whole_venom_gland,SanDiego,2017_Summer,TCGCATGAAGT,18S_12641.1.273032.TCGCATGAAGT.fastq.gz
SUH276,SD_Sum_17_Prey__10min_5,Yes,No,Venomic_1,16S_V4,Whole_venom_gland_PreyExposure,SanDiego,2017,TCGCGCTACTA,16S_12608.1.270220.TCGCGCTACTA.fastq.gz
SUH133,MX_0_5_km_SU_17_Gland_4,Yes,No,Venomic_1,18S,Whole_venom_gland,PN_Minor,2016_Summer,TCGCTGTAACA,18S_12641.1.273032.TCGCTGTAACA.fastq.gz
SUH170,SD_Sum_17_1_atm_Gland_1,Yes,No,Venomic_1,18S,Whole_venom_gland_1_atm_pressure_exp,SanDiego,2017,TCTAAGGCACG,18S_12641.1.273032.TCTAAGGCACG.fastq.gz
SUH244,MX_1_5_km_SU_17_Gland_3,Yes,No,Venomic_1,16S_V4,Whole_venom_gland,PN_Major,2017_Summer,TCTACGAGATG,16S_12608.1.270220.TCTACGAGATG.fastq.gz
SUH297,SD_Sum_17_WT_Proximal_Duct_1,Yes,No,Venomic_1,16S_V4,Venom_Proximal_Duct,SanDiego,2017,TCTAGCGATGC,16S_12608.1.270220.TCTAGCGATGC.fastq.gz
SUH198,SD_Sum_17_WT_Distal_Duct_4,Yes,No,Venomic_1,18S,Venom_Distal_Duct,SanDiego,2017,TCTGGAACGCT,18S_12641.1.273032.TCTGGAACGCT.fastq.gz
SUH177,SD_Sum_17_300_PSI_Gland_3,Yes,No,Venomic_1,18S,Whole_venom_gland_300_PSI_pressure_exp,SanDiego,2017,TGAATAGTCCG,18S_12641.1.273032.TGAATAGTCCG.fastq.gz
SUH287,SD_Sum_17_WT_Distal_Duct_1,Yes,No,Venomic_1,16S_V4,Venom_Distal_Duct,SanDiego,2017,TGACACTGCTG,16S_12608.1.270220.TGACACTGCTG.fastq.gz
SUH282,SD_Sum_17_WT_Bulb_1,Yes,No,Venomic_1,16S_V4,Venom_Bulb,SanDiego,2017,TGACAGCTGCA,16S_12608.1.270220.TGACAGCTGCA.fastq.gz
SUH202,SD_Sum_17_WT_Gland_3,Yes,Yes,Venomic_1,18S,Whole_venom_gland,SanDiego,2017,TGCGAACGTAT,18S_12641.1.273032.TGCGAACGTAT.fastq.gz
SUH137,MX_0_5_km_WI_16_1_Gland_3,Yes,No,Venomic_1,18S,Whole_venom_gland,PN_Minor,2016_Winter_Day1,TGCGCGAATAC,18S_12641.1.273032.TGCGCGAATAC.fastq.gz
SUH166,SD_Sum_17_150mg_L_TC_Gland_2,Yes,Yes,Venomic_1,18S,Whole_venom_gland_antibiotic_treatment_exp,SanDiego,2017,TGCTACCATGA,18S_12641.1.273032.TGCTACCATGA.fastq.gz
SUH194,SD_Sum_17_WT_Bulb_5,Yes,No,Venomic_1,18S,Venom_Bulb,SanDiego,2017,TGGCACCGATT,18S_12641.1.273032.TGGCACCGATT.fastq.gz
SUH206,SD_Sum_17_WT_Proximal_Duct_2,Yes,No,Venomic_1,18S,Venom_Proximal_Duct,SanDiego,2017,TGGCTCTACAG,18S_12641.1.273032.TGGCTCTACAG.fastq.gz
SUH242,MX_1_5_km_SU_17_Gland_1,Yes,No,Venomic_1,16S_V4,Whole_venom_gland,PN_Major,2017_Summer,TGTAGCTGACA,16S_12608.1.270220.TGTAGCTGACA.fastq.gz
SUH183,SD_Sum_17_Prey__10min_4,Yes,No,Venomic_1,18S,Whole_venom_gland_PreyExposure,SanDiego,2017,TGTCGGCTACA,18S_12641.1.273032.TGTCGGCTACA.fastq.gz
SUH275,SD_Sum_17_Prey__10min_4,Yes,No,Venomic_1,16S_V4,Whole_venom_gland_PreyExposure,SanDiego,2017,TGTGACGAGAC,16S_12608.1.270220.TGTGACGAGAC.fastq.gz
SUH192,SD_Sum_17_WT_Bulb_3,Yes,No,Venomic_1,18S,Venom_Bulb,SanDiego,2017,TTAACGGCTGA,18S_12641.1.273032.TTAACGGCTGA.fastq.gz
SUH178,SD_Sum_17_300_PSI_Gland_4,Yes,No,Venomic_1,18S,Whole_venom_gland_300_PSI_pressure_exp,SanDiego,2017,TTAGCGTCACG,18S_12641.1.273032.TTAGCGTCACG.fastq.gz
SUH204,SD_Sum_17_WT_Gland_5,Yes,Yes,Venomic_1,18S,Whole_venom_gland,SanDiego,2017,TTCAACAGGTG,18S_12641.1.273032.TTCAACAGGTG.fastq.gz
SUH142,MX_0_5_km_WI_16_2_Gland_3,Yes,No,Venomic_1,18S,Whole_venom_gland,PN_Minor,2016_Winter_Day2,TTCATACGGAC,18S_12641.1.273032.TTCATACGGAC.fastq.gz
SUH189,SD_Sum_17_Sterile_Gland_5,Yes,Yes,Venomic_1,18S,Whole_venom_gland_in_sterilized_water,SanDiego,2017,TTGAACCAGCT,18S_12641.1.273032.TTGAACCAGCT.fastq.gz
SUH200,SD_Sum_17_WT_Gland_1,Yes,Yes,Venomic_1,18S,Whole_venom_gland,SanDiego,2017,TTGTCGCACAA,18S_12641.1.273032.TTGTCGCACAA.fastq.gz
SUH329,SD_Sum_17_Prey__10min_Water_2,No,No,Venomic_2,18S,Water_Control_PreyExposure,Control,2017,AACAGGTTCGC,12611.1.270601.AACAGGTTCGC.fastq.gz
SUH309,MX_0_5_km_WI_16_3_Gland_3,Yes,No,Venomic_2,18S,Whole_venom_gland,PN_Minor,2016_Winter_Day3,AACTGTGCGTA,12611.1.270601.AACTGTGCGTA.fastq.gz
SUH330,SD_Sum_17_Prey__10min_Water_3,No,No,Venomic_2,18S,Water_Control_PreyExposure,Control,2017,ACACGGTGTCT,12611.1.270601.ACACGGTGTCT.fastq.gz
SUH426,MX_0_5_km_SU_16_Water_1,No,No,Venomic_2,16S_V4,Water_Control_MX,PN_Minor,2016_Summer,ACATATACGCG,12606.1.269779.ACATATACGCG.fastq.gz
SUH392,High_venom__triplicate_10_c,No,No,Venomic_2,18S,Control_Venom,Control,Control,ACATCTTGACG,12611.1.270601.ACATCTTGACG.fastq.gz
SUH410,SD_Sum_17_100_PSI_Water_1,No,No,Venomic_2,16S_V4,Water_Control_100_PSI_pressure_exp,Control,2017,ACATGACATCG,12606.1.269779.ACATGACATCG.fastq.gz
SUH427,MX_0_5_km_SU_16_Water_2,No,No,Venomic_2,16S_V4,Water_Control_MX,PN_Minor,2016_Summer,ACGACGTAGAG,12606.1.269779.ACGACGTAGAG.fastq.gz
SUH481,High_water__triplicate_98_b,No,No,Venomic_2,16S_V4,Control_Water,Control,Control,ACGATCGCTAG,12606.1.269779.ACGATCGCTAG.fastq.gz
SUH414,SD_Sum_17_300_PSI_Water_2,No,No,Venomic_2,16S_V4,Water_Control_300_PSI_pressure_exp,Control,2017,ACGATGTGCTA,12606.1.269779.ACGATGTGCTA.fastq.gz
SUH353,MX_0_5_km_WI_16_3_Water_1,No,No,Venomic_2,18S,Water_Control_MX,PN_Minor,2016_Winter_Day3,ACGCTATCTGG,12611.1.270601.ACGCTATCTGG.fastq.gz
SUH472,SD_Sum_17_WT_Larva_1_6_9_17,No,No,Venomic_2,16S_V4,Larva,SanDiego,2017,ACGTAGTATCT,12606.1.269779.ACGTAGTATCT.fastq.gz
SUH438,MX_0_5_km_WI_16_2_Water_1,No,No,Venomic_2,16S_V4,Water_Control_MX,PN_Minor,2016_Winter_Day2,ACGTCGACTGA,12606.1.269779.ACGTCGACTGA.fastq.gz
SUH439,MX_0_5_km_WI_16_2_Water_2,No,No,Venomic_2,16S_V4,Water_Control_MX,PN_Minor,2016_Winter_Day2,ACGTGTGAGCA,12606.1.269779.ACGTGTGAGCA.fastq.gz
SUH454,SD_Sum_17_WT_Shell_2,No,No,Venomic_2,16S_V4,Shell,SanDiego,2017,ACTCTATGCGA,12606.1.269779.ACTCTATGCGA.fastq.gz
SUH411,SD_Sum_17_100_PSI_Water_2,No,No,Venomic_2,16S_V4,Water_Control_100_PSI_pressure_exp,Control,2017,ACTGCGACGAG,12606.1.269779.ACTGCGACGAG.fastq.gz
SUH380,SD_Sum_17_WT_Egg_1,No,No,Venomic_2,18S,Whole_Egg,SanDiego,2017,ACTGTACGCGT,12611.1.270601.ACTGTACGCGT.fastq.gz
SUH337,MX_0_5_km_SU_17_Water_3,No,No,Venomic_2,18S,Water_Control_MX,PN_Minor,2016_Summer,ACTGTCGAAGC,12611.1.270601.ACTGTCGAAGC.fastq.gz
SUH480,High_venom__triplicate_10_c,No,No,Venomic_2,16S_V4,Control_Venom,Control,Control,AGAGCATATCT,12606.1.269779.AGAGCATATCT.fastq.gz
SUH401,SD_Sum_17_WT_Water_2,No,No,Venomic_2,16S_V4,Water_Env_Control,SanDiego,2017_Summer,AGATCGCTGTG,12606.1.269779.AGATCGCTGTG.fastq.gz
SUH482,High_water__triplicate_98_c,No,No,Venomic_2,16S_V4,Control_Water,Control,Control,AGATGTAGCTC,12606.1.269779.AGATGTAGCTC.fastq.gz
SUH406,SD_Sum_17_150mg_L_TC_Water_3,No,No,Venomic_2,16S_V4,Water_Control_antibiotic_treatment_exp,Control,2017,AGCACGATCTA,12606.1.269779.AGCACGATCTA.fastq.gz
SUH425,MX_0_5_km_SU_17_Water_3,No,No,Venomic_2,16S_V4,Water_Control_MX,PN_Minor,2016_Summer,AGCGATATCTG,12606.1.269779.AGCGATATCTG.fastq.gz
SUH382,SD_Sum_17_WT_Egg_Laid_3,No,No,Venomic_2,18S,Whole_Egg_Sac,SanDiego,2017,AGCGATGCCTT,12611.1.270601.AGCGATGCCTT.fastq.gz
SUH400,SD_Sum_17_WT_Water_1,No,No,Venomic_2,16S_V4,Water_Env_Control,SanDiego,2017_Summer,AGCGATGCTCA,12606.1.269779.AGCGATGCTCA.fastq.gz
SUH313,SD_Sum_17_WT_Water_2,No,No,Venomic_2,18S,Water_Env_Control,SanDiego,2017_Summer,AGCGTGTCCAA,12611.1.270601.AGCGTGTCCAA.fastq.gz
SUH324,SD_Sum_17_100_PSI_Water_3,No,No,Venomic_2,18S,Water_Control_100_PSI_pressure_exp,Control,2017,AGGCGACCTTA,12611.1.270601.AGGCGACCTTA.fastq.gz
SUH408,SD_Sum_17_1_atm_Water_2,No,No,Venomic_2,16S_V4,Water_Control_1_atm_pressure_exp,Control,2017,AGTCGCATCGT,12606.1.269779.AGTCGCATCGT.fastq.gz
SUH418,SD_Sum_17_Prey__10min_Water_3,No,No,Venomic_2,16S_V4,Water_Control_PreyExposure,Control,2017,AGTCTACTGCG,12606.1.269779.AGTCTACTGCG.fastq.gz
SUH333,Monterey_SU_17_Water_2,No,No,Venomic_2,18S,Water_Control_Monterey,MB,2017_Summer,ATACTTCGCAG,12611.1.270601.ATACTTCGCAG.fastq.gz
SUH437,MX_0_5_km_WI_16_1_Water_3,No,No,Venomic_2,16S_V4,Water_Control_MX,PN_Minor,2016_Winter_Day1,ATCAGTGTCAC,12606.1.269779.ATCAGTGTCAC.fastq.gz
SUH432,MX_1_5_km_SU_17_Water_1,No,No,Venomic_2,16S_V4,Water_Control_MX,PN_Major,2017_Summer,ATCATGTCAGT,12606.1.269779.ATCATGTCAGT.fastq.gz
SUH376,SD_Sum_17_WT_Radula_Sac_2,No,No,Venomic_2,18S,RadulaSac,SanDiego,2017,ATCGGCGTTAC,12611.1.270601.ATCGGCGTTAC.fastq.gz
SUH440,MX_0_5_km_WI_16_2_Water_3,No,No,Venomic_2,16S_V4,Water_Control_MX,PN_Minor,2016_Winter_Day2,ATCTCAGCAGT,12606.1.269779.ATCTCAGCAGT.fastq.gz
SUH315,SD_Sum_17_Sterile_Water_1,No,No,Venomic_2,18S,Sterile_water_control,Control,2017,ATGACCATCGT,12611.1.270601.ATGACCATCGT.fastq.gz
SUH320,SD_Sum_17_1_atm_Water_2,No,No,Venomic_2,18S,Water_Control_1_atm_pressure_exp,Control,2017,ATGCGAGTATC,12611.1.270601.ATGCGAGTATC.fastq.gz
SUH350,MX_0_5_km_WI_16_2_Water_1,No,No,Venomic_2,18S,Water_Control_MX,PN_Minor,2016_Winter_Day2,ATGGCAGCTCT,12611.1.270601.ATGGCAGCTCT.fastq.gz
SUH468,SD_Sum_17_WT_Egg_1,No,No,Venomic_2,16S_V4,Whole_Egg,SanDiego,2017,ATGTAGTGCGC,12606.1.269779.ATGTAGTGCGC.fastq.gz
SUH355,MX_0_5_km_WI_16_3_Water_3,No,No,Venomic_2,18S,Water_Control_MX,PN_Minor,2016_Winter_Day3,ATTCATGGACG,12611.1.270601.ATTCATGGACG.fastq.gz
SUH368,SD_Sum_17_WT_Shell_4,No,No,Venomic_2,18S,Shell,SanDiego,2017,CAATTGTGCAC,12611.1.270601.CAATTGTGCAC.fastq.gz
SUH389,MX_0_5_km_SU_16_Sediment_2,No,No,Venomic_2,18S,Sediment_Control,PN_Minor,2016_Summer,CACGTGACATG,12611.1.270601.CACGTGACATG.fastq.gz
SUH470,SD_Sum_17_WT_Egg_Laid_3,No,No,Venomic_2,16S_V4,Whole_Egg_Sac,SanDiego,2017,CACTGTATAGA,12606.1.269779.CACTGTATAGA.fastq.gz
SUH326,SD_Sum_17_300_PSI_Water_2,No,No,Venomic_2,18S,Water_Control_300_PSI_pressure_exp,Control,2017,CAGACATTGCG,12611.1.270601.CAGACATTGCG.fastq.gz
SUH463,SD_Sum_17_WT_Radula_Sac_1,No,No,Venomic_2,16S_V4,RadulaSac,SanDiego,2017,CAGATCTGACA,12606.1.269779.CAGATCTGACA.fastq.gz
SUH398,MX_0_5_km_WI_16_3_Gland_4,Yes,No,Venomic_2,16S_V4,Whole_venom_gland,PN_Minor,2016_Winter_Day3,CAGATGCGAGC,12606.1.269779.CAGATGCGAGC.fastq.gz
SUH378,SD_Sum_17_WT_Radula_Sac_4,No,No,Venomic_2,18S,RadulaSac,SanDiego,2017,CAGCTTACTAG,12611.1.270601.CAGCTTACTAG.fastq.gz
SUH428,MX_0_5_km_SU_16_Water_3,No,No,Venomic_2,16S_V4,Water_Control_MX,PN_Minor,2016_Summer,CAGTCTGATGC,12606.1.269779.CAGTCTGATGC.fastq.gz
SUH386,MB_Sum_17_WT_Egg_Laid_1,No,No,Venomic_2,18S,Whole_Egg_Sac,MB,2017_Summer,CAGTGATCCTA,12611.1.270601.CAGTGATCCTA.fastq.gz
SUH474,MB_Sum_17_WT_Egg_Laid_1,No,No,Venomic_2,16S_V4,Whole_Egg_Sac,MB,2017_Summer,CATCACTGTAG,12606.1.269779.CATCACTGTAG.fastq.gz
SUH311,MX_0_5_km_WI_16_3_Gland_5,Yes,No,Venomic_2,18S,Whole_venom_gland,PN_Minor,2016_Winter_Day3,CATCAGCGTGT,12611.1.270601.CATCAGCGTGT.fastq.gz
SUH383,SD_Sum_17_WT_Egg_Laid_4,No,No,Venomic_2,18S,Whole_Egg_Sac,SanDiego,2017,CATCATGAGGC,12611.1.270601.CATCATGAGGC.fastq.gz
SUH466,SD_Sum_17_WT_Radula_Sac_4,No,No,Venomic_2,16S_V4,RadulaSac,SanDiego,2017,CATGAGAGACG,12606.1.269779.CATGAGAGACG.fastq.gz
SUH352,MX_0_5_km_WI_16_2_Water_3,No,No,Venomic_2,18S,Water_Control_MX,PN_Minor,2016_Winter_Day2,CATGAGTGCTA,12611.1.270601.CATGAGTGCTA.fastq.gz
SUH379,SD_Sum_17_WT_Radula_Sac_5,No,No,Venomic_2,18S,RadulaSac,SanDiego,2017,CCAGATGATCG,12611.1.270601.CCAGATGATCG.fastq.gz
SUH318,SD_Sum_17_150mg_L_TC_Water_3,No,No,Venomic_2,18S,Water_Control_antibiotic_treatment_exp,Control,2017,CCAGTGTATGC,12611.1.270601.CCAGTGTATGC.fastq.gz
SUH314,SD_Sum_17_WT_Water_3,No,No,Venomic_2,18S,Water_Env_Control,SanDiego,2017_Summer,CCTGGATATAG,12611.1.270601.CCTGGATATAG.fastq.gz
SUH407,SD_Sum_17_1_atm_Water_1,No,No,Venomic_2,16S_V4,Water_Control_1_atm_pressure_exp,Control,2017,CGACTAGCTCA,12606.1.269779.CGACTAGCTCA.fastq.gz
SUH435,MX_0_5_km_WI_16_1_Water_1,No,No,Venomic_2,16S_V4,Water_Control_MX,PN_Minor,2016_Winter_Day1,CGAGACTAGAG,12606.1.269779.CGAGACTAGAG.fastq.gz
SUH397,MX_0_5_km_WI_16_3_Gland_3,Yes,No,Venomic_2,16S_V4,Whole_venom_gland,PN_Minor,2016_Winter_Day3,CGATATCGATC,12606.1.269779.CGATATCGATC.fastq.gz
SUH475,MB_Sum_17_WT_Egg_Laid_2,No,No,Venomic_2,16S_V4,Whole_Egg_Sac,MB,2017_Summer,CGATGAGCGTC,12606.1.269779.CGATGAGCGTC.fastq.gz
SUH377,SD_Sum_17_WT_Radula_Sac_3,No,No,Venomic_2,18S,RadulaSac,SanDiego,2017,CGATGTCGTCA,12611.1.270601.CGATGTCGTCA.fastq.gz
SUH478,MX_0_5_km_SU_16_Sediment_3,No,No,Venomic_2,16S_V4,Sediment_Control,PN_Minor,2016_Summer,CGCACATCAGA,12606.1.269779.CGCACATCAGA.fastq.gz
SUH459,SD_Sum_17_WT_Gut_2,No,No,Venomic_2,16S_V4,Gut_Tissue,SanDiego,2017,CGCATGATCAG,12606.1.269779.CGCATGATCAG.fastq.gz
SUH477,MX_0_5_km_SU_16_Sediment_2,No,No,Venomic_2,16S_V4,Sediment_Control,PN_Minor,2016_Summer,CGCGCAGTGTA,12606.1.269779.CGCGCAGTGTA.fastq.gz
SUH393,High_water__triplicate_98_b,No,No,Venomic_2,18S,Control_Water,Control,Control,CGGACGTTCAT,12611.1.270601.CGGACGTTCAT.fastq.gz
SUH402,SD_Sum_17_WT_Water_3,No,No,Venomic_2,16S_V4,Water_Env_Control,SanDiego,2017_Summer,CGTAGATGTCG,12606.1.269779.CGTAGATGTCG.fastq.gz
SUH328,SD_Sum_17_Prey__10min_Water_1,No,No,Venomic_2,18S,Water_Control_PreyExposure,Control,2017,CTACAATGTCG,12611.1.270601.CTACAATGTCG.fastq.gz
SUH409,SD_Sum_17_1_atm_Water_3,No,No,Venomic_2,16S_V4,Water_Control_1_atm_pressure_exp,Control,2017,CTACATGAGTG,12606.1.269779.CTACATGAGTG.fastq.gz
SUH465,SD_Sum_17_WT_Radula_Sac_3,No,No,Venomic_2,16S_V4,RadulaSac,SanDiego,2017,CTAGACTGATG,12606.1.269779.CTAGACTGATG.fastq.gz
SUH442,MX_0_5_km_WI_16_3_Water_2,No,No,Venomic_2,16S_V4,Water_Control_MX,PN_Minor,2016_Winter_Day3,CTAGCTCAGCG,12606.1.269779.CTAGCTCAGCG.fastq.gz
SUH338,MX_0_5_km_SU_16_Water_1,No,No,Venomic_2,18S,Water_Control_MX,PN_Minor,2016_Summer,CTAGTCAGCTG,12611.1.270601.CTAGTCAGCTG.fastq.gz
SUH462,SD_Sum_17_WT_Gut_5,No,No,Venomic_2,16S_V4,Gut_Tissue,SanDiego,2017,CTAGTCGACGA,12606.1.269779.CTAGTCGACGA.fastq.gz
SUH374,SD_Sum_17_WT_Gut_5,No,No,Venomic_2,18S,Gut_Tissue,SanDiego,2017,CTCAGTATGCA,12611.1.270601.CTCAGTATGCA.fastq.gz
SUH394,High_water__triplicate_98_c,No,No,Venomic_2,18S,Control_Water,Control,Control,CTCTAAGCATG,12611.1.270601.CTCTAAGCATG.fastq.gz
SUH464,SD_Sum_17_WT_Radula_Sac_2,No,No,Venomic_2,16S_V4,RadulaSac,SanDiego,2017,CTGACTACTCT,12606.1.269779.CTGACTACTCT.fastq.gz
SUH424,MX_0_5_km_SU_17_Water_2,No,No,Venomic_2,16S_V4,Water_Control_MX,PN_Minor,2016_Summer,CTGTCATGAGT,12606.1.269779.CTGTCATGAGT.fastq.gz
SUH354,MX_0_5_km_WI_16_3_Water_2,No,No,Venomic_2,18S,Water_Control_MX,PN_Minor,2016_Winter_Day3,CTTCTAAGGAG,12611.1.270601.CTTCTAAGGAG.fastq.gz
SUH322,SD_Sum_17_100_PSI_Water_1,No,No,Venomic_2,18S,Water_Control_100_PSI_pressure_exp,Control,2017,CTTGCTGAAGA,12611.1.270601.CTTGCTGAAGA.fastq.gz
SUH372,SD_Sum_17_WT_Gut_3,No,No,Venomic_2,18S,Gut_Tissue,SanDiego,2017,CTTGTAGGACC,12611.1.270601.CTTGTAGGACC.fastq.gz
SUH340,MX_0_5_km_SU_16_Water_3,No,No,Venomic_2,18S,Water_Control_MX,PN_Minor,2016_Summer,GAACACTTCTG,12611.1.270601.GAACACTTCTG.fastq.gz
SUH384,SD_Sum_17_WT_Larva_1_6_9_17,No,No,Venomic_2,18S,Larva,SanDiego,2017,GAAGTCTCGCA,12611.1.270601.GAAGTCTCGCA.fastq.gz
SUH334,Monterey_SU_17_Water_3,No,No,Venomic_2,18S,Water_Control_Monterey,MB,2017_Summer,GAATCTTCGAG,12611.1.270601.GAATCTTCGAG.fastq.gz
SUH420,Monterey_SU_17_Water_1,No,No,Venomic_2,16S_V4,Water_Control_Monterey,MB,2017_Summer,GACGACGCATC,12606.1.269779.GACGACGCATC.fastq.gz
SUH469,SD_Sum_17_WT_Egg_2,No,No,Venomic_2,16S_V4,Whole_Egg,SanDiego,2017,GACGATGACAC,12606.1.269779.GACGATGACAC.fastq.gz
SUH331,SD_Sum_17_Prey__10min_Water_3_2,No,No,Venomic_2,18S,Water_Control_PreyExposure,Control,2017,GACGCTAGTTC,12611.1.270601.GACGCTAGTTC.fastq.gz
SUH433,MX_1_5_km_SU_17_Water_2,No,No,Venomic_2,16S_V4,Water_Control_MX,PN_Major,2017_Summer,GACTAGTGCTG,12606.1.269779.GACTAGTGCTG.fastq.gz
SUH344,MX_1_5_km_SU_17_Water_1,No,No,Venomic_2,18S,Water_Control_MX,PN_Major,2017_Summer,GACTTATAGGC,12611.1.270601.GACTTATAGGC.fastq.gz
SUH453,SD_Sum_17_WT_Shell_1,No,No,Venomic_2,16S_V4,Shell,SanDiego,2017,GAGTAGATCAC,12606.1.269779.GAGTAGATCAC.fastq.gz
SUH367,SD_Sum_17_WT_Shell_3,No,No,Venomic_2,18S,Shell,SanDiego,2017,GAGTTCCATAG,12611.1.270601.GAGTTCCATAG.fastq.gz
SUH351,MX_0_5_km_WI_16_2_Water_2,No,No,Venomic_2,18S,Water_Control_MX,PN_Minor,2016_Winter_Day2,GATACGTCCTG,12611.1.270601.GATACGTCCTG.fastq.gz
SUH332,Monterey_SU_17_Water_1,No,No,Venomic_2,18S,Water_Control_Monterey,MB,2017_Summer,GATAGTGCCAC,12611.1.270601.GATAGTGCCAC.fastq.gz
SUH423,MX_0_5_km_SU_17_Water_1,No,No,Venomic_2,16S_V4,Water_Control_MX,PN_Minor,2016_Summer,GATATCGATCA,12606.1.269779.GATATCGATCA.fastq.gz
SUH434,MX_1_5_km_SU_17_Water_3,No,No,Venomic_2,16S_V4,Water_Control_MX,PN_Major,2017_Summer,GATATGACGCG,12606.1.269779.GATATGACGCG.fastq.gz
SUH467,SD_Sum_17_WT_Radula_Sac_5,No,No,Venomic_2,16S_V4,RadulaSac,SanDiego,2017,GATCAGTACAG,12606.1.269779.GATCAGTACAG.fastq.gz
SUH476,MX_0_5_km_SU_16_Sediment_1,No,No,Venomic_2,16S_V4,Sediment_Control,PN_Minor,2016_Summer,GCACGTATAGC,12606.1.269779.GCACGTATAGC.fastq.gz
SUH385,LA_Sum_17_WT_Egg_Laid_1_San_Onfore_6_22_17,No,No,Venomic_2,18S,Whole_Egg_Sac,LA,2017_Summer,GCACGTTCTAA,12611.1.270601.GCACGTTCTAA.fastq.gz
SUH443,MX_0_5_km_WI_16_3_Water_3,No,No,Venomic_2,16S_V4,Water_Control_MX,PN_Minor,2016_Winter_Day3,GCATATCAGAG,12606.1.269779.GCATATCAGAG.fastq.gz
SUH316,SD_Sum_17_Sterile_Water_2,No,No,Venomic_2,18S,Sterile_water_control,Control,2017,GCATGGCTCTA,12611.1.270601.GCATGGCTCTA.fastq.gz
SUH343,MX_0_km_SU_17_Water_3,No,No,Venomic_2,18S,Water_Control_MX,PN_Sheltered,2017_Summer,GCCTTAAGCGA,12611.1.270601.GCCTTAAGCGA.fastq.gz
SUH404,SD_Sum_17_Sterile_Water_2,No,No,Venomic_2,16S_V4,Sterile_water_control,Control,2017,GCGATGTCATC,12606.1.269779.GCGATGTCATC.fastq.gz
SUH403,SD_Sum_17_Sterile_Water_1,No,No,Venomic_2,16S_V4,Sterile_water_control,Control,2017,GCTACTCTGAG,12606.1.269779.GCTACTCTGAG.fastq.gz
SUH422,Monterey_SU_17_Water_3,No,No,Venomic_2,16S_V4,Water_Control_Monterey,MB,2017_Summer,GCTCACAGCTA,12606.1.269779.GCTCACAGCTA.fastq.gz
SUH416,SD_Sum_17_Prey__10min_Water_1,No,No,Venomic_2,16S_V4,Water_Control_PreyExposure,Control,2017,GCTCATGTAGT,12606.1.269779.GCTCATGTAGT.fastq.gz
SUH399,MX_0_5_km_WI_16_3_Gland_5,Yes,No,Venomic_2,16S_V4,Whole_venom_gland,PN_Minor,2016_Winter_Day3,GCTCTAGAGTA,12606.1.269779.GCTCTAGAGTA.fastq.gz
SUH455,SD_Sum_17_WT_Shell_3,No,No,Venomic_2,16S_V4,Shell,SanDiego,2017,GCTGATATACA,12606.1.269779.GCTGATATACA.fastq.gz
SUH327,SD_Sum_17_300_PSI_Water_3,No,No,Venomic_2,18S,Water_Control_300_PSI_pressure_exp,Control,2017,GGTCCAACTAG,12611.1.270601.GGTCCAACTAG.fastq.gz
SUH375,SD_Sum_17_WT_Radula_Sac_1,No,No,Venomic_2,18S,RadulaSac,SanDiego,2017,GGTTGCACAAT,12611.1.270601.GGTTGCACAAT.fastq.gz
SUH342,MX_0_km_SU_17_Water_2,No,No,Venomic_2,18S,Water_Control_MX,PN_Sheltered,2017_Summer,GTAGCAACGTC,12611.1.270601.GTAGCAACGTC.fastq.gz
SUH321,SD_Sum_17_1_atm_Water_3,No,No,Venomic_2,18S,Water_Control_1_atm_pressure_exp,Control,2017,GTATCCATGCG,12611.1.270601.GTATCCATGCG.fastq.gz
SUH479,High_venom__triplicate_10_b,No,No,Venomic_2,16S_V4,Control_Venom,Control,Control,GTCACGACACA,12606.1.269779.GTCACGACACA.fastq.gz
SUH339,MX_0_5_km_SU_16_Water_2,No,No,Venomic_2,18S,Water_Control_MX,PN_Minor,2016_Summer,GTCCGCTGAAT,12611.1.270601.GTCCGCTGAAT.fastq.gz
SUH419,SD_Sum_17_Prey__10min_Water_3_2,No,No,Venomic_2,16S_V4,Water_Control_PreyExposure,Control,2017,GTCTACACGAG,12606.1.269779.GTCTACACGAG.fastq.gz
SUH421,Monterey_SU_17_Water_2,No,No,Venomic_2,16S_V4,Water_Control_Monterey,MB,2017_Summer,GTGCACGCGAC,12606.1.269779.GTGCACGCGAC.fastq.gz
SUH365,SD_Sum_17_WT_Shell_1,No,No,Venomic_2,18S,Shell,SanDiego,2017,GTTACCTCAGA,12611.1.270601.GTTACCTCAGA.fastq.gz
SUH388,MX_0_5_km_SU_16_Sediment_1,No,No,Venomic_2,18S,Sediment_Control,PN_Minor,2016_Summer,TACAGATGGCT,12611.1.270601.TACAGATGGCT.fastq.gz
SUH460,SD_Sum_17_WT_Gut_3,No,No,Venomic_2,16S_V4,Gut_Tissue,SanDiego,2017,TACATAGTCGC,12606.1.269779.TACATAGTCGC.fastq.gz
SUH348,MX_0_5_km_WI_16_1_Water_2,No,No,Venomic_2,18S,Water_Control_MX,PN_Minor,2016_Winter_Day1,TACCGCTAGTA,12611.1.270601.TACCGCTAGTA.fastq.gz
SUH387,MB_Sum_17_WT_Egg_Laid_2,No,No,Venomic_2,18S,Whole_Egg_Sac,MB,2017_Summer,TAGAGCCGTTA,12611.1.270601.TAGAGCCGTTA.fastq.gz
SUH413,SD_Sum_17_300_PSI_Water_1,No,No,Venomic_2,16S_V4,Water_Control_300_PSI_pressure_exp,Control,2017,TAGATCATGAC,12606.1.269779.TAGATCATGAC.fastq.gz
SUH417,SD_Sum_17_Prey__10min_Water_2,No,No,Venomic_2,16S_V4,Water_Control_PreyExposure,Control,2017,TAGCACGAGTG,12606.1.269779.TAGCACGAGTG.fastq.gz
SUH456,SD_Sum_17_WT_Shell_4,No,No,Venomic_2,16S_V4,Shell,SanDiego,2017,TAGCGTACTCT,12606.1.269779.TAGCGTACTCT.fastq.gz
SUH346,MX_1_5_km_SU_17_Water_3,No,No,Venomic_2,18S,Water_Control_MX,PN_Major,2017_Summer,TAGGCCGACTT,12611.1.270601.TAGGCCGACTT.fastq.gz
SUH415,SD_Sum_17_300_PSI_Water_3,No,No,Venomic_2,16S_V4,Water_Control_300_PSI_pressure_exp,Control,2017,TAGTGCACTCA,12606.1.269779.TAGTGCACTCA.fastq.gz
SUH396,MX_0_5_km_WI_16_3_Gland_2,Yes,No,Venomic_2,16S_V4,Whole_venom_gland,PN_Minor,2016_Winter_Day3,TATCGCACTAG,12606.1.269779.TATCGCACTAG.fastq.gz
SUH325,SD_Sum_17_300_PSI_Water_1,No,No,Venomic_2,18S,Water_Control_300_PSI_pressure_exp,Control,2017,TCAGGCGCTTA,12611.1.270601.TCAGGCGCTTA.fastq.gz
SUH412,SD_Sum_17_100_PSI_Water_3,No,No,Venomic_2,16S_V4,Water_Control_100_PSI_pressure_exp,Control,2017,TCATGCGCATC,12606.1.269779.TCATGCGCATC.fastq.gz
SUH391,High_venom__triplicate_10_b,No,No,Venomic_2,18S,Control_Venom,Control,Control,TCCACAGGAGT,12611.1.270601.TCCACAGGAGT.fastq.gz
SUH381,SD_Sum_17_WT_Egg_2,No,No,Venomic_2,18S,Whole_Egg,SanDiego,2017,TCCTAGCAGTG,12611.1.270601.TCCTAGCAGTG.fastq.gz
SUH405,SD_Sum_17_150mg_L_TC_Water_2,No,No,Venomic_2,16S_V4,Water_Control_antibiotic_treatment_exp,Control,2017,TCGCATCTGAC,12606.1.269779.TCGCATCTGAC.fastq.gz
SUH366,SD_Sum_17_WT_Shell_2,No,No,Venomic_2,18S,Shell,SanDiego,2017,TCGCATGAAGT,12611.1.270601.TCGCATGAAGT.fastq.gz
SUH430,MX_0_km_SU_17_Water_2,No,No,Venomic_2,16S_V4,Water_Control_MX,PN_Sheltered,2017_Summer,TCGCGCTACTA,12606.1.269779.TCGCGCTACTA.fastq.gz
SUH371,SD_Sum_17_WT_Gut_2,No,No,Venomic_2,18S,Gut_Tissue,SanDiego,2017,TCGCTGTAACA,12611.1.270601.TCGCTGTAACA.fastq.gz
SUH323,SD_Sum_17_100_PSI_Water_2,No,No,Venomic_2,18S,Water_Control_100_PSI_pressure_exp,Control,2017,TCTAAGGCACG,12611.1.270601.TCTAAGGCACG.fastq.gz
SUH473,LA_Sum_17_WT_Egg_Laid_1_San_Onfore_6_22_17,No,No,Venomic_2,16S_V4,Whole_Egg_Sac,LA,2017_Summer,TCTACGAGATG,12606.1.269779.TCTACGAGATG.fastq.gz
SUH436,MX_0_5_km_WI_16_1_Water_2,No,No,Venomic_2,16S_V4,Water_Control_MX,PN_Minor,2016_Winter_Day1,TCTAGCGATGC,12606.1.269779.TCTAGCGATGC.fastq.gz
SUH335,MX_0_5_km_SU_17_Water_1,No,No,Venomic_2,18S,Water_Control_MX,PN_Minor,2016_Summer,TGAATAGTCCG,12611.1.270601.TGAATAGTCCG.fastq.gz
SUH441,MX_0_5_km_WI_16_3_Water_1,No,No,Venomic_2,16S_V4,Water_Control_MX,PN_Minor,2016_Winter_Day3,TGACACTGCTG,12606.1.269779.TGACACTGCTG.fastq.gz
SUH431,MX_0_km_SU_17_Water_3,No,No,Venomic_2,16S_V4,Water_Control_MX,PN_Sheltered,2017_Summer,TGACAGCTGCA,12606.1.269779.TGACAGCTGCA.fastq.gz
SUH310,MX_0_5_km_WI_16_3_Gland_4,Yes,No,Venomic_2,18S,Whole_venom_gland,PN_Minor,2016_Winter_Day3,TGCGAACGTAT,12611.1.270601.TGCGAACGTAT.fastq.gz
SUH390,MX_0_5_km_SU_16_Sediment_3,No,No,Venomic_2,18S,Sediment_Control,PN_Minor,2016_Summer,TGCGCGAATAC,12611.1.270601.TGCGCGAATAC.fastq.gz
SUH319,SD_Sum_17_1_atm_Water_1,No,No,Venomic_2,18S,Water_Control_1_atm_pressure_exp,Control,2017,TGCTACCATGA,12611.1.270601.TGCTACCATGA.fastq.gz
SUH347,MX_0_5_km_WI_16_1_Water_1,No,No,Venomic_2,18S,Water_Control_MX,PN_Minor,2016_Winter_Day1,TGGCACCGATT,12611.1.270601.TGGCACCGATT.fastq.gz
SUH349,MX_0_5_km_WI_16_1_Water_3,No,No,Venomic_2,18S,Water_Control_MX,PN_Minor,2016_Winter_Day1,TGGCTCTACAG,12611.1.270601.TGGCTCTACAG.fastq.gz
SUH471,SD_Sum_17_WT_Egg_Laid_4,No,No,Venomic_2,16S_V4,Whole_Egg_Sac,SanDiego,2017,TGTAGCTGACA,12606.1.269779.TGTAGCTGACA.fastq.gz
SUH341,MX_0_km_SU_17_Water_1,No,No,Venomic_2,18S,Water_Control_MX,PN_Sheltered,2017_Summer,TGTCGGCTACA,12611.1.270601.TGTCGGCTACA.fastq.gz
SUH429,MX_0_km_SU_17_Water_1,No,No,Venomic_2,16S_V4,Water_Control_MX,PN_Sheltered,2017_Summer,TGTGACGAGAC,12606.1.269779.TGTGACGAGAC.fastq.gz
SUH345,MX_1_5_km_SU_17_Water_2,No,No,Venomic_2,18S,Water_Control_MX,PN_Major,2017_Summer,TTAACGGCTGA,12611.1.270601.TTAACGGCTGA.fastq.gz
SUH336,MX_0_5_km_SU_17_Water_2,No,No,Venomic_2,18S,Water_Control_MX,PN_Minor,2016_Summer,TTAGCGTCACG,12611.1.270601.TTAGCGTCACG.fastq.gz
SUH312,SD_Sum_17_WT_Water_1,No,No,Venomic_2,18S,Water_Env_Control,SanDiego,2017_Summer,TTCAACAGGTG,12611.1.270601.TTCAACAGGTG.fastq.gz
SUH317,SD_Sum_17_150mg_L_TC_Water_2,No,No,Venomic_2,18S,Water_Control_antibiotic_treatment_exp,Control,2017,TTGAACCAGCT,12611.1.270601.TTGAACCAGCT.fastq.gz
SUH308,MX_0_5_km_WI_16_3_Gland_2,Yes,No,Venomic_2,18S,Whole_venom_gland,PN_Minor,2016_Winter_Day3,TTGTCGCACAA,12611.1.270601.TTGTCGCACAA.fastq.gz