SampleID,Sample_Name,Proteomic_Data,Metabolomic_Data,Plate,Primer,Sample_Type,WT_Location,WT_Time,Plate_Barcode
SUH125,MX_0_5_km_SU_16_Gland_1,Yes,No,Venomic_1,18S,Whole_venom_gland,PN_Minor,2016_Summer,GTACGAATCCT
SUH126,MX_0_5_km_SU_16_Gland_2,Yes,No,Venomic_1,18S,Whole_venom_gland,PN_Minor,2016_Summer,CTCAGTATGCA
SUH127,MX_0_5_km_SU_16_Gland_3,Yes,No,Venomic_1,18S,Whole_venom_gland,PN_Minor,2016_Summer,GGTTGCACAAT
SUH128,MX_0_5_km_SU_16_Gland_4,Yes,No,Venomic_1,18S,Whole_venom_gland,PN_Minor,2016_Summer,ATCGGCGTTAC
SUH129,MX_0_5_km_SU_16_Gland_5,Yes,No,Venomic_1,18S,Whole_venom_gland,PN_Minor,2016_Summer,CGATGTCGTCA
SUH130,MX_0_5_km_SU_17_Gland_1,Yes,No,Venomic_1,18S,Whole_venom_gland,PN_Minor,2016_Summer,CAATTGTGCAC
SUH131,MX_0_5_km_SU_17_Gland_2,Yes,No,Venomic_1,18S,Whole_venom_gland,PN_Minor,2016_Summer,CACATTGTGAG
SUH132,MX_0_5_km_SU_17_Gland_3,Yes,No,Venomic_1,18S,Whole_venom_gland,PN_Minor,2016_Summer,CGGTACTTGCA
SUH133,MX_0_5_km_SU_17_Gland_4,Yes,No,Venomic_1,18S,Whole_venom_gland,PN_Minor,2016_Summer,TCGCTGTAACA
SUH134,MX_0_5_km_SU_17_Gland_5,Yes,No,Venomic_1,18S,Whole_venom_gland,PN_Minor,2016_Summer,CTTGTAGGACC
SUH135,MX_0_5_km_WI_16_1_Gland_1,Yes,No,Venomic_1,18S,Whole_venom_gland,PN_Minor,2016_Winter_Day1,TACAGATGGCT
SUH136,MX_0_5_km_WI_16_1_Gland_2,Yes,No,Venomic_1,18S,Whole_venom_gland,PN_Minor,2016_Winter_Day1,CACGTGACATG
SUH137,MX_0_5_km_WI_16_1_Gland_3,Yes,No,Venomic_1,18S,Whole_venom_gland,PN_Minor,2016_Winter_Day1,TGCGCGAATAC
SUH138,MX_0_5_km_WI_16_1_Gland_4,Yes,No,Venomic_1,18S,Whole_venom_gland,PN_Minor,2016_Winter_Day1,TCCACAGGAGT
SUH139,MX_0_5_km_WI_16_1_Gland_5,Yes,No,Venomic_1,18S,Whole_venom_gland,PN_Minor,2016_Winter_Day1,ACATCTTGACG
SUH140,MX_0_5_km_WI_16_2_Gland_1,Yes,No,Venomic_1,18S,Whole_venom_gland,PN_Minor,2016_Winter_Day2,CGGACGTTCAT
SUH141,MX_0_5_km_WI_16_2_Gland_2,Yes,No,Venomic_1,18S,Whole_venom_gland,PN_Minor,2016_Winter_Day2,CTCTAAGCATG
SUH142,MX_0_5_km_WI_16_2_Gland_3,Yes,No,Venomic_1,18S,Whole_venom_gland,PN_Minor,2016_Winter_Day2,TTCATACGGAC
SUH143,MX_0_5_km_WI_16_2_Gland_4,Yes,No,Venomic_1,18S,Whole_venom_gland,PN_Minor,2016_Winter_Day2,CTTCGGCAGAA
SUH144,MX_0_5_km_WI_16_2_Gland_5,Yes,No,Venomic_1,18S,Whole_venom_gland,PN_Minor,2016_Winter_Day2,CGTATCTGCGA
SUH145,MX_0_km_SU_17_Gland_1,Yes,No,Venomic_1,18S,Whole_venom_gland,PN_Sheltered,2017_Summer,CAGCTTACTAG
SUH146,MX_0_km_SU_17_Gland_2,Yes,No,Venomic_1,18S,Whole_venom_gland,PN_Sheltered,2017_Summer,CCAGATGATCG
SUH147,MX_0_km_SU_17_Gland_3,Yes,No,Venomic_1,18S,Whole_venom_gland,PN_Sheltered,2017_Summer,ACTGTACGCGT
SUH148,MX_0_km_SU_17_Gland_4,Yes,No,Venomic_1,18S,Whole_venom_gland,PN_Sheltered,2017_Summer,TCCTAGCAGTG
SUH149,MX_0_km_SU_17_Gland_5,Yes,No,Venomic_1,18S,Whole_venom_gland,PN_Sheltered,2017_Summer,AGCGATGCCTT
SUH150,MX_1_5_km_SU_17_Gland_1,Yes,No,Venomic_1,18S,Whole_venom_gland,PN_Major,2017_Summer,CATCATGAGGC
SUH151,MX_1_5_km_SU_17_Gland_2,Yes,No,Venomic_1,18S,Whole_venom_gland,PN_Major,2017_Summer,GAAGTCTCGCA
SUH152,MX_1_5_km_SU_17_Gland_3,Yes,No,Venomic_1,18S,Whole_venom_gland,PN_Major,2017_Summer,GCACGTTCTAA
SUH153,MX_1_5_km_SU_17_Gland_4,Yes,No,Venomic_1,18S,Whole_venom_gland,PN_Major,2017_Summer,CAGTGATCCTA
SUH154,MX_1_5_km_SU_17_Gland_5,Yes,No,Venomic_1,18S,Whole_venom_gland,PN_Major,2017_Summer,TAGAGCCGTTA
SUH155,Monterey_SU_17_Gland_1,Yes,No,Venomic_1,18S,Whole_venom_gland,MB,2017_Summer,TCAGAGGTTAC
SUH156,Monterey_SU_17_Gland_2,Yes,No,Venomic_1,18S,Whole_venom_gland,MB,2017_Summer,GTCCAGTAATG
SUH157,Monterey_SU_17_Gland_3,Yes,No,Venomic_1,18S,Whole_venom_gland,MB,2017_Summer,ACGACGTCTTA
SUH158,Monterey_SU_17_Gland_4,Yes,No,Venomic_1,18S,Whole_venom_gland,MB,2017_Summer,AAGTGGACTCT
SUH159,Monterey_SU_17_Gland_5,Yes,No,Venomic_1,18S,Whole_venom_gland,MB,2017_Summer,TAGTCAGGCCA
SUH160,SD_Sum_17_100_PSI_Gland_1,Yes,No,Venomic_1,18S,Whole_venom_gland_100_PSI_pressure_exp,SanDiego,2017,CTACAATGTCG
SUH161,SD_Sum_17_100_PSI_Gland_2,Yes,No,Venomic_1,18S,Whole_venom_gland_100_PSI_pressure_exp,SanDiego,2017,AACAGGTTCGC
SUH162,SD_Sum_17_100_PSI_Gland_3,Yes,No,Venomic_1,18S,Whole_venom_gland_100_PSI_pressure_exp,SanDiego,2017,ACACGGTGTCT
SUH163,SD_Sum_17_100_PSI_Gland_4,Yes,No,Venomic_1,18S,Whole_venom_gland_100_PSI_pressure_exp,SanDiego,2017,GACGCTAGTTC
SUH164,SD_Sum_17_100_PSI_Gland_5,Yes,No,Venomic_1,18S,Whole_venom_gland_100_PSI_pressure_exp,SanDiego,2017,GATAGTGCCAC
SUH165,SD_Sum_17_150mg_L_TC_Gland_1,Yes,Yes,Venomic_1,18S,Whole_venom_gland_antibiotic_treatment_exp,SanDiego,2017,CCAGTGTATGC
SUH166,SD_Sum_17_150mg_L_TC_Gland_2,Yes,Yes,Venomic_1,18S,Whole_venom_gland_antibiotic_treatment_exp,SanDiego,2017,TGCTACCATGA
SUH167,SD_Sum_17_150mg_L_TC_Gland_3,Yes,Yes,Venomic_1,18S,Whole_venom_gland_antibiotic_treatment_exp,SanDiego,2017,ATGCGAGTATC
SUH168,SD_Sum_17_150mg_L_TC_Gland_4,Yes,Yes,Venomic_1,18S,Whole_venom_gland_antibiotic_treatment_exp,SanDiego,2017,GTATCCATGCG
SUH169,SD_Sum_17_150mg_L_TC_Gland_5,Yes,Yes,Venomic_1,18S,Whole_venom_gland_antibiotic_treatment_exp,SanDiego,2017,CTTGCTGAAGA
SUH170,SD_Sum_17_1_atm_Gland_1,Yes,No,Venomic_1,18S,Whole_venom_gland_1_atm_pressure_exp,SanDiego,2017,TCTAAGGCACG
SUH171,SD_Sum_17_1_atm_Gland_2,Yes,No,Venomic_1,18S,Whole_venom_gland_1_atm_pressure_exp,SanDiego,2017,AGGCGACCTTA
SUH172,SD_Sum_17_1_atm_Gland_3,Yes,No,Venomic_1,18S,Whole_venom_gland_1_atm_pressure_exp,SanDiego,2017,TCAGGCGCTTA
SUH173,SD_Sum_17_1_atm_Gland_4,Yes,No,Venomic_1,18S,Whole_venom_gland_1_atm_pressure_exp,SanDiego,2017,CAGACATTGCG
SUH174,SD_Sum_17_1_atm_Gland_5,Yes,No,Venomic_1,18S,Whole_venom_gland_1_atm_pressure_exp,SanDiego,2017,GGTCCAACTAG
SUH175,SD_Sum_17_300_PSI_Gland_1,Yes,No,Venomic_1,18S,Whole_venom_gland_300_PSI_pressure_exp,SanDiego,2017,ATACTTCGCAG
SUH176,SD_Sum_17_300_PSI_Gland_2,Yes,No,Venomic_1,18S,Whole_venom_gland_300_PSI_pressure_exp,SanDiego,2017,GAATCTTCGAG
SUH177,SD_Sum_17_300_PSI_Gland_3,Yes,No,Venomic_1,18S,Whole_venom_gland_300_PSI_pressure_exp,SanDiego,2017,TGAATAGTCCG
SUH178,SD_Sum_17_300_PSI_Gland_4,Yes,No,Venomic_1,18S,Whole_venom_gland_300_PSI_pressure_exp,SanDiego,2017,TTAGCGTCACG
SUH179,SD_Sum_17_300_PSI_Gland_5,Yes,No,Venomic_1,18S,Whole_venom_gland_300_PSI_pressure_exp,SanDiego,2017,ACTGTCGAAGC
SUH180,SD_Sum_17_Prey__10min_1,Yes,No,Venomic_1,18S,Whole_venom_gland_PreyExposure,SanDiego,2017,CTAGTCAGCTG
SUH181,SD_Sum_17_Prey__10min_2,Yes,No,Venomic_1,18S,Whole_venom_gland_PreyExposure,SanDiego,2017,GTCCGCTGAAT
SUH182,SD_Sum_17_Prey__10min_3,Yes,No,Venomic_1,18S,Whole_venom_gland_PreyExposure,SanDiego,2017,GAACACTTCTG
SUH183,SD_Sum_17_Prey__10min_4,Yes,No,Venomic_1,18S,Whole_venom_gland_PreyExposure,SanDiego,2017,TGTCGGCTACA
SUH184,SD_Sum_17_Prey__10min_5,Yes,No,Venomic_1,18S,Whole_venom_gland_PreyExposure,SanDiego,2017,GTAGCAACGTC
SUH185,SD_Sum_17_Sterile_Gland_1,Yes,Yes,Venomic_1,18S,Whole_venom_gland_in_sterilized_water,SanDiego,2017,AGCGTGTCCAA
SUH186,SD_Sum_17_Sterile_Gland_2,Yes,Yes,Venomic_1,18S,Whole_venom_gland_in_sterilized_water,SanDiego,2017,CCTGGATATAG
SUH187,SD_Sum_17_Sterile_Gland_3,Yes,Yes,Venomic_1,18S,Whole_venom_gland_in_sterilized_water,SanDiego,2017,ATGACCATCGT
SUH188,SD_Sum_17_Sterile_Gland_4,Yes,Yes,Venomic_1,18S,Whole_venom_gland_in_sterilized_water,SanDiego,2017,GCATGGCTCTA
SUH189,SD_Sum_17_Sterile_Gland_5,Yes,Yes,Venomic_1,18S,Whole_venom_gland_in_sterilized_water,SanDiego,2017,TTGAACCAGCT
SUH190,SD_Sum_17_WT_Bulb_1,Yes,No,Venomic_1,18S,Venom_Bulb,SanDiego,2017,GCCTTAAGCGA
SUH191,SD_Sum_17_WT_Bulb_2,Yes,No,Venomic_1,18S,Venom_Bulb,SanDiego,2017,GACTTATAGGC
SUH192,SD_Sum_17_WT_Bulb_3,Yes,No,Venomic_1,18S,Venom_Bulb,SanDiego,2017,TTAACGGCTGA
SUH193,SD_Sum_17_WT_Bulb_4,Yes,No,Venomic_1,18S,Venom_Bulb,SanDiego,2017,TAGGCCGACTT
SUH194,SD_Sum_17_WT_Bulb_5,Yes,No,Venomic_1,18S,Venom_Bulb,SanDiego,2017,TGGCACCGATT
SUH195,SD_Sum_17_WT_Distal_Duct_1,Yes,No,Venomic_1,18S,Venom_Distal_Duct,SanDiego,2017,ACGCTATCTGG
SUH196,SD_Sum_17_WT_Distal_Duct_2,Yes,No,Venomic_1,18S,Venom_Distal_Duct,SanDiego,2017,CTTCTAAGGAG
SUH197,SD_Sum_17_WT_Distal_Duct_3,Yes,No,Venomic_1,18S,Venom_Distal_Duct,SanDiego,2017,ATTCATGGACG
SUH198,SD_Sum_17_WT_Distal_Duct_4,Yes,No,Venomic_1,18S,Venom_Distal_Duct,SanDiego,2017,TCTGGAACGCT
SUH199,SD_Sum_17_WT_Distal_Duct_5,Yes,No,Venomic_1,18S,Venom_Distal_Duct,SanDiego,2017,GCCGCTTAATA
SUH200,SD_Sum_17_WT_Gland_1,Yes,Yes,Venomic_1,18S,Whole_venom_gland,SanDiego,2017,TTGTCGCACAA
SUH201,SD_Sum_17_WT_Gland_2,Yes,Yes,Venomic_1,18S,Whole_venom_gland,SanDiego,2017,AACTGTGCGTA
SUH202,SD_Sum_17_WT_Gland_3,Yes,Yes,Venomic_1,18S,Whole_venom_gland,SanDiego,2017,TGCGAACGTAT
SUH203,SD_Sum_17_WT_Gland_4,Yes,Yes,Venomic_1,18S,Whole_venom_gland,SanDiego,2017,CATCAGCGTGT
SUH204,SD_Sum_17_WT_Gland_5,Yes,Yes,Venomic_1,18S,Whole_venom_gland,SanDiego,2017,TTCAACAGGTG
SUH205,SD_Sum_17_WT_Proximal_Duct_1,Yes,No,Venomic_1,18S,Venom_Proximal_Duct,SanDiego,2017,TACCGCTAGTA
SUH206,SD_Sum_17_WT_Proximal_Duct_2,Yes,No,Venomic_1,18S,Venom_Proximal_Duct,SanDiego,2017,TGGCTCTACAG
SUH207,SD_Sum_17_WT_Proximal_Duct_3,Yes,No,Venomic_1,18S,Venom_Proximal_Duct,SanDiego,2017,ATGGCAGCTCT
SUH208,SD_Sum_17_WT_Proximal_Duct_4,Yes,No,Venomic_1,18S,Venom_Proximal_Duct,SanDiego,2017,GATACGTCCTG
SUH209,SD_Sum_17_WT_Proximal_Duct_5,Yes,No,Venomic_1,18S,Venom_Proximal_Duct,SanDiego,2017,CATGAGTGCTA
SUH210,San_Diego_SU_17_Gland_1,Yes,No,Venomic_1,18S,Whole_venom_gland,SanDiego,2017_Summer,AGGCATCTTAC
SUH211,San_Diego_SU_17_Gland_2,Yes,No,Venomic_1,18S,Whole_venom_gland,SanDiego,2017_Summer,GGTATGACTCA
SUH212,San_Diego_SU_17_Gland_3,Yes,No,Venomic_1,18S,Whole_venom_gland,SanDiego,2017_Summer,GTTACCTCAGA
SUH213,San_Diego_SU_17_Gland_4,Yes,No,Venomic_1,18S,Whole_venom_gland,SanDiego,2017_Summer,TCGCATGAAGT
SUH214,San_Diego_SU_17_Gland_5,Yes,No,Venomic_1,18S,Whole_venom_gland,SanDiego,2017_Summer,GAGTTCCATAG
SUH216,MX_0_5_km_SU_16_Gland_1,Yes,No,Venomic_1,16S_V4,Whole_venom_gland,PN_Minor,2016_Summer,GCTACGTGCAC
SUH217,MX_0_5_km_SU_16_Gland_2,Yes,No,Venomic_1,16S_V4,Whole_venom_gland,PN_Minor,2016_Summer,CTAGTCGACGA
SUH218,MX_0_5_km_SU_16_Gland_3,Yes,No,Venomic_1,16S_V4,Whole_venom_gland,PN_Minor,2016_Summer,CAGATCTGACA
SUH219,MX_0_5_km_SU_16_Gland_4,Yes,No,Venomic_1,16S_V4,Whole_venom_gland,PN_Minor,2016_Summer,CTGACTACTCT
SUH220,MX_0_5_km_SU_16_Gland_5,Yes,No,Venomic_1,16S_V4,Whole_venom_gland,PN_Minor,2016_Summer,CTAGACTGATG
SUH221,MX_0_5_km_SU_17_Gland_1,Yes,No,Venomic_1,16S_V4,Whole_venom_gland,PN_Minor,2016_Summer,TAGCGTACTCT
SUH222,MX_0_5_km_SU_17_Gland_2,Yes,No,Venomic_1,16S_V4,Whole_venom_gland,PN_Minor,2016_Summer,CACAGACTATG
SUH223,MX_0_5_km_SU_17_Gland_3,Yes,No,Venomic_1,16S_V4,Whole_venom_gland,PN_Minor,2016_Summer,TAGTCGATACG
SUH224,MX_0_5_km_SU_17_Gland_4,Yes,No,Venomic_1,16S_V4,Whole_venom_gland,PN_Minor,2016_Summer,CGCATGATCAG
SUH225,MX_0_5_km_SU_17_Gland_5,Yes,No,Venomic_1,16S_V4,Whole_venom_gland,PN_Minor,2016_Summer,TACATAGTCGC
SUH226,MX_0_5_km_WI_16_1_Gland_1,Yes,No,Venomic_1,16S_V4,Whole_venom_gland,PN_Minor,2016_Winter_Day1,GCACGTATAGC
SUH227,MX_0_5_km_WI_16_1_Gland_2,Yes,No,Venomic_1,16S_V4,Whole_venom_gland,PN_Minor,2016_Winter_Day1,CGCGCAGTGTA
SUH228,MX_0_5_km_WI_16_1_Gland_3,Yes,No,Venomic_1,16S_V4,Whole_venom_gland,PN_Minor,2016_Winter_Day1,CGCACATCAGA
SUH229,MX_0_5_km_WI_16_1_Gland_4,Yes,No,Venomic_1,16S_V4,Whole_venom_gland,PN_Minor,2016_Winter_Day1,GTCACGACACA
SUH230,MX_0_5_km_WI_16_1_Gland_5,Yes,No,Venomic_1,16S_V4,Whole_venom_gland,PN_Minor,2016_Winter_Day1,AGAGCATATCT
SUH231,MX_0_5_km_WI_16_2_Gland_1,Yes,No,Venomic_1,16S_V4,Whole_venom_gland,PN_Minor,2016_Winter_Day2,ACGATCGCTAG
SUH232,MX_0_5_km_WI_16_2_Gland_2,Yes,No,Venomic_1,16S_V4,Whole_venom_gland,PN_Minor,2016_Winter_Day2,AGATGTAGCTC
SUH233,MX_0_5_km_WI_16_2_Gland_3,Yes,No,Venomic_1,16S_V4,Whole_venom_gland,PN_Minor,2016_Winter_Day2,GCGACTCGAGC
SUH234,MX_0_5_km_WI_16_2_Gland_4,Yes,No,Venomic_1,16S_V4,Whole_venom_gland,PN_Minor,2016_Winter_Day2,CGCATGTAGTA
SUH235,MX_0_5_km_WI_16_2_Gland_5,Yes,No,Venomic_1,16S_V4,Whole_venom_gland,PN_Minor,2016_Winter_Day2,AGTATCAGTCA
SUH237,MX_0_km_SU_17_Gland_1,Yes,No,Venomic_1,16S_V4,Whole_venom_gland,PN_Sheltered,2017_Summer,CATGAGAGACG
SUH238,MX_0_km_SU_17_Gland_2,Yes,No,Venomic_1,16S_V4,Whole_venom_gland,PN_Sheltered,2017_Summer,GATCAGTACAG
SUH239,MX_0_km_SU_17_Gland_3,Yes,No,Venomic_1,16S_V4,Whole_venom_gland,PN_Sheltered,2017_Summer,ATGTAGTGCGC
SUH240,MX_0_km_SU_17_Gland_4,Yes,No,Venomic_1,16S_V4,Whole_venom_gland,PN_Sheltered,2017_Summer,GACGATGACAC
SUH241,MX_0_km_SU_17_Gland_5,Yes,No,Venomic_1,16S_V4,Whole_venom_gland,PN_Sheltered,2017_Summer,CACTGTATAGA
SUH242,MX_1_5_km_SU_17_Gland_1,Yes,No,Venomic_1,16S_V4,Whole_venom_gland,PN_Major,2017_Summer,TGTAGCTGACA
SUH243,MX_1_5_km_SU_17_Gland_2,Yes,No,Venomic_1,16S_V4,Whole_venom_gland,PN_Major,2017_Summer,ACGTAGTATCT
SUH244,MX_1_5_km_SU_17_Gland_3,Yes,No,Venomic_1,16S_V4,Whole_venom_gland,PN_Major,2017_Summer,TCTACGAGATG
SUH245,MX_1_5_km_SU_17_Gland_4,Yes,No,Venomic_1,16S_V4,Whole_venom_gland,PN_Major,2017_Summer,CATCACTGTAG
SUH246,MX_1_5_km_SU_17_Gland_5,Yes,No,Venomic_1,16S_V4,Whole_venom_gland,PN_Major,2017_Summer,CGATGAGCGTC
SUH247,Monterey_SU_17_Gland_1,Yes,No,Venomic_1,16S_V4,Whole_venom_gland,MB,2017_Summer,GTCGCTCATGA
SUH248,Monterey_SU_17_Gland_2,Yes,No,Venomic_1,16S_V4,Whole_venom_gland,MB,2017_Summer,GATACGCTACA
SUH249,Monterey_SU_17_Gland_3,Yes,No,Venomic_1,16S_V4,Whole_venom_gland,MB,2017_Summer,GATGACACAGT
SUH250,Monterey_SU_17_Gland_4,Yes,No,Venomic_1,16S_V4,Whole_venom_gland,MB,2017_Summer,ACGTGATGCTG
SUH251,Monterey_SU_17_Gland_5,Yes,No,Venomic_1,16S_V4,Whole_venom_gland,MB,2017_Summer,TATACGCAGCG
SUH252,SD_Sum_17_100_PSI_Gland_1,Yes,No,Venomic_1,16S_V4,Whole_venom_gland_100_PSI_pressure_exp,SanDiego,2017,GCTCATGTAGT
SUH253,SD_Sum_17_100_PSI_Gland_2,Yes,No,Venomic_1,16S_V4,Whole_venom_gland_100_PSI_pressure_exp,SanDiego,2017,TAGCACGAGTG
SUH254,SD_Sum_17_100_PSI_Gland_3,Yes,No,Venomic_1,16S_V4,Whole_venom_gland_100_PSI_pressure_exp,SanDiego,2017,AGTCTACTGCG
SUH255,SD_Sum_17_100_PSI_Gland_4,Yes,No,Venomic_1,16S_V4,Whole_venom_gland_100_PSI_pressure_exp,SanDiego,2017,GTCTACACGAG
SUH256,SD_Sum_17_100_PSI_Gland_5,Yes,No,Venomic_1,16S_V4,Whole_venom_gland_100_PSI_pressure_exp,SanDiego,2017,GACGACGCATC
SUH257,SD_Sum_17_150mg_L_TC_Gland_1,Yes,Yes,Venomic_1,16S_V4,Whole_venom_gland_antibiotic_treatment_exp,SanDiego,2017,AGCACGATCTA
SUH258,SD_Sum_17_150mg_L_TC_Gland_2,Yes,Yes,Venomic_1,16S_V4,Whole_venom_gland_antibiotic_treatment_exp,SanDiego,2017,CGACTAGCTCA
SUH259,SD_Sum_17_150mg_L_TC_Gland_3,Yes,Yes,Venomic_1,16S_V4,Whole_venom_gland_antibiotic_treatment_exp,SanDiego,2017,AGTCGCATCGT
SUH260,SD_Sum_17_150mg_L_TC_Gland_4,Yes,Yes,Venomic_1,16S_V4,Whole_venom_gland_antibiotic_treatment_exp,SanDiego,2017,CTACATGAGTG
SUH261,SD_Sum_17_150mg_L_TC_Gland_5,Yes,Yes,Venomic_1,16S_V4,Whole_venom_gland_antibiotic_treatment_exp,SanDiego,2017,ACATGACATCG
SUH262,SD_Sum_17_1_atm_Gland_1,Yes,No,Venomic_1,16S_V4,Whole_venom_gland_1_atm_pressure_exp,SanDiego,2017,ACTGCGACGAG
SUH263,SD_Sum_17_1_atm_Gland_2,Yes,No,Venomic_1,16S_V4,Whole_venom_gland_1_atm_pressure_exp,SanDiego,2017,TCATGCGCATC
SUH264,SD_Sum_17_1_atm_Gland_3,Yes,No,Venomic_1,16S_V4,Whole_venom_gland_1_atm_pressure_exp,SanDiego,2017,TAGATCATGAC
SUH265,SD_Sum_17_1_atm_Gland_4,Yes,No,Venomic_1,16S_V4,Whole_venom_gland_1_atm_pressure_exp,SanDiego,2017,ACGATGTGCTA
SUH266,SD_Sum_17_1_atm_Gland_5,Yes,No,Venomic_1,16S_V4,Whole_venom_gland_1_atm_pressure_exp,SanDiego,2017,TAGTGCACTCA
SUH267,SD_Sum_17_300_PSI_Gland_1,Yes,No,Venomic_1,16S_V4,Whole_venom_gland_300_PSI_pressure_exp,SanDiego,2017,GTGCACGCGAC
SUH268,SD_Sum_17_300_PSI_Gland_2,Yes,No,Venomic_1,16S_V4,Whole_venom_gland_300_PSI_pressure_exp,SanDiego,2017,GCTCACAGCTA
SUH269,SD_Sum_17_300_PSI_Gland_3,Yes,No,Venomic_1,16S_V4,Whole_venom_gland_300_PSI_pressure_exp,SanDiego,2017,GATATCGATCA
SUH270,SD_Sum_17_300_PSI_Gland_4,Yes,No,Venomic_1,16S_V4,Whole_venom_gland_300_PSI_pressure_exp,SanDiego,2017,CTGTCATGAGT
SUH271,SD_Sum_17_300_PSI_Gland_5,Yes,No,Venomic_1,16S_V4,Whole_venom_gland_300_PSI_pressure_exp,SanDiego,2017,AGCGATATCTG
SUH272,SD_Sum_17_Prey__10min_1,Yes,No,Venomic_1,16S_V4,Whole_venom_gland_PreyExposure,SanDiego,2017,ACATATACGCG
SUH273,SD_Sum_17_Prey__10min_2,Yes,No,Venomic_1,16S_V4,Whole_venom_gland_PreyExposure,SanDiego,2017,ACGACGTAGAG
SUH274,SD_Sum_17_Prey__10min_3,Yes,No,Venomic_1,16S_V4,Whole_venom_gland_PreyExposure,SanDiego,2017,CAGTCTGATGC
SUH275,SD_Sum_17_Prey__10min_4,Yes,No,Venomic_1,16S_V4,Whole_venom_gland_PreyExposure,SanDiego,2017,TGTGACGAGAC
SUH276,SD_Sum_17_Prey__10min_5,Yes,No,Venomic_1,16S_V4,Whole_venom_gland_PreyExposure,SanDiego,2017,TCGCGCTACTA
SUH277,SD_Sum_17_Sterile_Gland_1,Yes,Yes,Venomic_1,16S_V4,Whole_venom_gland_in_sterilized_water,SanDiego,2017,AGATCGCTGTG
SUH278,SD_Sum_17_Sterile_Gland_2,Yes,Yes,Venomic_1,16S_V4,Whole_venom_gland_in_sterilized_water,SanDiego,2017,CGTAGATGTCG
SUH279,SD_Sum_17_Sterile_Gland_3,Yes,Yes,Venomic_1,16S_V4,Whole_venom_gland_in_sterilized_water,SanDiego,2017,GCTACTCTGAG
SUH280,SD_Sum_17_Sterile_Gland_4,Yes,Yes,Venomic_1,16S_V4,Whole_venom_gland_in_sterilized_water,SanDiego,2017,GCGATGTCATC
SUH281,SD_Sum_17_Sterile_Gland_5,Yes,Yes,Venomic_1,16S_V4,Whole_venom_gland_in_sterilized_water,SanDiego,2017,TCGCATCTGAC
SUH282,SD_Sum_17_WT_Bulb_1,Yes,No,Venomic_1,16S_V4,Venom_Bulb,SanDiego,2017,TGACAGCTGCA
SUH283,SD_Sum_17_WT_Bulb_2,Yes,No,Venomic_1,16S_V4,Venom_Bulb,SanDiego,2017,ATCATGTCAGT
SUH284,SD_Sum_17_WT_Bulb_3,Yes,No,Venomic_1,16S_V4,Venom_Bulb,SanDiego,2017,GACTAGTGCTG
SUH285,SD_Sum_17_WT_Bulb_4,Yes,No,Venomic_1,16S_V4,Venom_Bulb,SanDiego,2017,GATATGACGCG
SUH286,SD_Sum_17_WT_Bulb_5,Yes,No,Venomic_1,16S_V4,Venom_Bulb,SanDiego,2017,CGAGACTAGAG
SUH287,SD_Sum_17_WT_Distal_Duct_1,Yes,No,Venomic_1,16S_V4,Venom_Distal_Duct,SanDiego,2017,TGACACTGCTG
SUH288,SD_Sum_17_WT_Distal_Duct_2,Yes,No,Venomic_1,16S_V4,Venom_Distal_Duct,SanDiego,2017,CTAGCTCAGCG
SUH289,SD_Sum_17_WT_Distal_Duct_3,Yes,No,Venomic_1,16S_V4,Venom_Distal_Duct,SanDiego,2017,GCATATCAGAG
SUH290,SD_Sum_17_WT_Distal_Duct_4,Yes,No,Venomic_1,16S_V4,Venom_Distal_Duct,SanDiego,2017,ACTCGTCATGC
SUH291,SD_Sum_17_WT_Distal_Duct_5,Yes,No,Venomic_1,16S_V4,Venom_Distal_Duct,SanDiego,2017,GATGCAGTCAC
SUH292,SD_Sum_17_WT_Gland_1,Yes,Yes,Venomic_1,16S_V4,Whole_venom_gland,SanDiego,2017,TATCGCACTAG
SUH293,SD_Sum_17_WT_Gland_2,Yes,Yes,Venomic_1,16S_V4,Whole_venom_gland,SanDiego,2017,CGATATCGATC
SUH294,SD_Sum_17_WT_Gland_3,Yes,Yes,Venomic_1,16S_V4,Whole_venom_gland,SanDiego,2017,CAGATGCGAGC
SUH295,SD_Sum_17_WT_Gland_4,Yes,Yes,Venomic_1,16S_V4,Whole_venom_gland,SanDiego,2017,GCTCTAGAGTA
SUH296,SD_Sum_17_WT_Gland_5,Yes,Yes,Venomic_1,16S_V4,Whole_venom_gland,SanDiego,2017,AGCGATGCTCA
SUH297,SD_Sum_17_WT_Proximal_Duct_1,Yes,No,Venomic_1,16S_V4,Venom_Proximal_Duct,SanDiego,2017,TCTAGCGATGC
SUH298,SD_Sum_17_WT_Proximal_Duct_2,Yes,No,Venomic_1,16S_V4,Venom_Proximal_Duct,SanDiego,2017,ATCAGTGTCAC
SUH299,SD_Sum_17_WT_Proximal_Duct_3,Yes,No,Venomic_1,16S_V4,Venom_Proximal_Duct,SanDiego,2017,ACGTCGACTGA
SUH300,SD_Sum_17_WT_Proximal_Duct_4,Yes,No,Venomic_1,16S_V4,Venom_Proximal_Duct,SanDiego,2017,ACGTGTGAGCA
SUH301,SD_Sum_17_WT_Proximal_Duct_5,Yes,No,Venomic_1,16S_V4,Venom_Proximal_Duct,SanDiego,2017,ATCTCAGCAGT
SUH302,San_Diego_SU_17_Gland_1,Yes,No,Venomic_1,16S_V4,Whole_venom_gland,SanDiego,2017_Summer,ATAGAGCTCAG
SUH303,San_Diego_SU_17_Gland_2,Yes,No,Venomic_1,16S_V4,Whole_venom_gland,SanDiego,2017_Summer,ACATGTGTCGC
SUH304,San_Diego_SU_17_Gland_3,Yes,No,Venomic_1,16S_V4,Whole_venom_gland,SanDiego,2017_Summer,GAGTAGATCAC
SUH305,San_Diego_SU_17_Gland_4,Yes,No,Venomic_1,16S_V4,Whole_venom_gland,SanDiego,2017_Summer,ACTCTATGCGA
SUH306,San_Diego_SU_17_Gland_5,Yes,No,Venomic_1,16S_V4,Whole_venom_gland,SanDiego,2017_Summer,GCTGATATACA
SUH308,MX_0_5_km_WI_16_3_Gland_2,Yes,No,Venomic_2,18S,Whole_venom_gland,PN_Minor,2016_Winter_Day3,TTGTCGCACAA
SUH309,MX_0_5_km_WI_16_3_Gland_3,Yes,No,Venomic_2,18S,Whole_venom_gland,PN_Minor,2016_Winter_Day3,AACTGTGCGTA
SUH310,MX_0_5_km_WI_16_3_Gland_4,Yes,No,Venomic_2,18S,Whole_venom_gland,PN_Minor,2016_Winter_Day3,TGCGAACGTAT
SUH311,MX_0_5_km_WI_16_3_Gland_5,Yes,No,Venomic_2,18S,Whole_venom_gland,PN_Minor,2016_Winter_Day3,CATCAGCGTGT
SUH312,SD_Sum_17_WT_Water_1,No,No,Venomic_2,18S,Water_Env_Control,SanDiego,2017_Summer,TTCAACAGGTG
SUH313,SD_Sum_17_WT_Water_2,No,No,Venomic_2,18S,Water_Env_Control,SanDiego,2017_Summer,AGCGTGTCCAA
SUH314,SD_Sum_17_WT_Water_3,No,No,Venomic_2,18S,Water_Env_Control,SanDiego,2017_Summer,CCTGGATATAG
SUH315,SD_Sum_17_Sterile_Water_1,No,No,Venomic_2,18S,Sterile_water_control,Control,2017,ATGACCATCGT
SUH316,SD_Sum_17_Sterile_Water_2,No,No,Venomic_2,18S,Sterile_water_control,Control,2017,GCATGGCTCTA
SUH317,SD_Sum_17_150mg_L_TC_Water_2,No,No,Venomic_2,18S,Water_Control_antibiotic_treatment_exp,Control,2017,TTGAACCAGCT
SUH318,SD_Sum_17_150mg_L_TC_Water_3,No,No,Venomic_2,18S,Water_Control_antibiotic_treatment_exp,Control,2017,CCAGTGTATGC
SUH319,SD_Sum_17_1_atm_Water_1,No,No,Venomic_2,18S,Water_Control_1_atm_pressure_exp,Control,2017,TGCTACCATGA
SUH320,SD_Sum_17_1_atm_Water_2,No,No,Venomic_2,18S,Water_Control_1_atm_pressure_exp,Control,2017,ATGCGAGTATC
SUH321,SD_Sum_17_1_atm_Water_3,No,No,Venomic_2,18S,Water_Control_1_atm_pressure_exp,Control,2017,GTATCCATGCG
SUH322,SD_Sum_17_100_PSI_Water_1,No,No,Venomic_2,18S,Water_Control_100_PSI_pressure_exp,Control,2017,CTTGCTGAAGA
SUH323,SD_Sum_17_100_PSI_Water_2,No,No,Venomic_2,18S,Water_Control_100_PSI_pressure_exp,Control,2017,TCTAAGGCACG
SUH324,SD_Sum_17_100_PSI_Water_3,No,No,Venomic_2,18S,Water_Control_100_PSI_pressure_exp,Control,2017,AGGCGACCTTA
SUH325,SD_Sum_17_300_PSI_Water_1,No,No,Venomic_2,18S,Water_Control_300_PSI_pressure_exp,Control,2017,TCAGGCGCTTA
SUH326,SD_Sum_17_300_PSI_Water_2,No,No,Venomic_2,18S,Water_Control_300_PSI_pressure_exp,Control,2017,CAGACATTGCG
SUH327,SD_Sum_17_300_PSI_Water_3,No,No,Venomic_2,18S,Water_Control_300_PSI_pressure_exp,Control,2017,GGTCCAACTAG
SUH328,SD_Sum_17_Prey__10min_Water_1,No,No,Venomic_2,18S,Water_Control_PreyExposure,Control,2017,CTACAATGTCG
SUH329,SD_Sum_17_Prey__10min_Water_2,No,No,Venomic_2,18S,Water_Control_PreyExposure,Control,2017,AACAGGTTCGC
SUH330,SD_Sum_17_Prey__10min_Water_3,No,No,Venomic_2,18S,Water_Control_PreyExposure,Control,2017,ACACGGTGTCT
SUH331,SD_Sum_17_Prey__10min_Water_3_2,No,No,Venomic_2,18S,Water_Control_PreyExposure,Control,2017,GACGCTAGTTC
SUH332,Monterey_SU_17_Water_1,No,No,Venomic_2,18S,Water_Control_Monterey,MB,2017_Summer,GATAGTGCCAC
SUH333,Monterey_SU_17_Water_2,No,No,Venomic_2,18S,Water_Control_Monterey,MB,2017_Summer,ATACTTCGCAG
SUH334,Monterey_SU_17_Water_3,No,No,Venomic_2,18S,Water_Control_Monterey,MB,2017_Summer,GAATCTTCGAG
SUH335,MX_0_5_km_SU_17_Water_1,No,No,Venomic_2,18S,Water_Control_MX,PN_Minor,2016_Summer,TGAATAGTCCG
SUH336,MX_0_5_km_SU_17_Water_2,No,No,Venomic_2,18S,Water_Control_MX,PN_Minor,2016_Summer,TTAGCGTCACG
SUH337,MX_0_5_km_SU_17_Water_3,No,No,Venomic_2,18S,Water_Control_MX,PN_Minor,2016_Summer,ACTGTCGAAGC
SUH338,MX_0_5_km_SU_16_Water_1,No,No,Venomic_2,18S,Water_Control_MX,PN_Minor,2016_Summer,CTAGTCAGCTG
SUH339,MX_0_5_km_SU_16_Water_2,No,No,Venomic_2,18S,Water_Control_MX,PN_Minor,2016_Summer,GTCCGCTGAAT
SUH340,MX_0_5_km_SU_16_Water_3,No,No,Venomic_2,18S,Water_Control_MX,PN_Minor,2016_Summer,GAACACTTCTG
SUH341,MX_0_km_SU_17_Water_1,No,No,Venomic_2,18S,Water_Control_MX,PN_Sheltered,2017_Summer,TGTCGGCTACA
SUH342,MX_0_km_SU_17_Water_2,No,No,Venomic_2,18S,Water_Control_MX,PN_Sheltered,2017_Summer,GTAGCAACGTC
SUH343,MX_0_km_SU_17_Water_3,No,No,Venomic_2,18S,Water_Control_MX,PN_Sheltered,2017_Summer,GCCTTAAGCGA
SUH344,MX_1_5_km_SU_17_Water_1,No,No,Venomic_2,18S,Water_Control_MX,PN_Major,2017_Summer,GACTTATAGGC
SUH345,MX_1_5_km_SU_17_Water_2,No,No,Venomic_2,18S,Water_Control_MX,PN_Major,2017_Summer,TTAACGGCTGA
SUH346,MX_1_5_km_SU_17_Water_3,No,No,Venomic_2,18S,Water_Control_MX,PN_Major,2017_Summer,TAGGCCGACTT
SUH347,MX_0_5_km_WI_16_1_Water_1,No,No,Venomic_2,18S,Water_Control_MX,PN_Minor,2016_Winter_Day1,TGGCACCGATT
SUH348,MX_0_5_km_WI_16_1_Water_2,No,No,Venomic_2,18S,Water_Control_MX,PN_Minor,2016_Winter_Day1,TACCGCTAGTA
SUH349,MX_0_5_km_WI_16_1_Water_3,No,No,Venomic_2,18S,Water_Control_MX,PN_Minor,2016_Winter_Day1,TGGCTCTACAG
SUH350,MX_0_5_km_WI_16_2_Water_1,No,No,Venomic_2,18S,Water_Control_MX,PN_Minor,2016_Winter_Day2,ATGGCAGCTCT
SUH351,MX_0_5_km_WI_16_2_Water_2,No,No,Venomic_2,18S,Water_Control_MX,PN_Minor,2016_Winter_Day2,GATACGTCCTG
SUH352,MX_0_5_km_WI_16_2_Water_3,No,No,Venomic_2,18S,Water_Control_MX,PN_Minor,2016_Winter_Day2,CATGAGTGCTA
SUH353,MX_0_5_km_WI_16_3_Water_1,No,No,Venomic_2,18S,Water_Control_MX,PN_Minor,2016_Winter_Day3,ACGCTATCTGG
SUH354,MX_0_5_km_WI_16_3_Water_2,No,No,Venomic_2,18S,Water_Control_MX,PN_Minor,2016_Winter_Day3,CTTCTAAGGAG
SUH355,MX_0_5_km_WI_16_3_Water_3,No,No,Venomic_2,18S,Water_Control_MX,PN_Minor,2016_Winter_Day3,ATTCATGGACG
SUH365,SD_Sum_17_WT_Shell_1,No,No,Venomic_2,18S,Shell,SanDiego,2017,GTTACCTCAGA
SUH366,SD_Sum_17_WT_Shell_2,No,No,Venomic_2,18S,Shell,SanDiego,2017,TCGCATGAAGT
SUH367,SD_Sum_17_WT_Shell_3,No,No,Venomic_2,18S,Shell,SanDiego,2017,GAGTTCCATAG
SUH368,SD_Sum_17_WT_Shell_4,No,No,Venomic_2,18S,Shell,SanDiego,2017,CAATTGTGCAC
SUH371,SD_Sum_17_WT_Gut_2,No,No,Venomic_2,18S,Gut_Tissue,SanDiego,2017,TCGCTGTAACA
SUH372,SD_Sum_17_WT_Gut_3,No,No,Venomic_2,18S,Gut_Tissue,SanDiego,2017,CTTGTAGGACC
SUH374,SD_Sum_17_WT_Gut_5,No,No,Venomic_2,18S,Gut_Tissue,SanDiego,2017,CTCAGTATGCA
SUH375,SD_Sum_17_WT_Radula_Sac_1,No,No,Venomic_2,18S,RadulaSac,SanDiego,2017,GGTTGCACAAT
SUH376,SD_Sum_17_WT_Radula_Sac_2,No,No,Venomic_2,18S,RadulaSac,SanDiego,2017,ATCGGCGTTAC
SUH377,SD_Sum_17_WT_Radula_Sac_3,No,No,Venomic_2,18S,RadulaSac,SanDiego,2017,CGATGTCGTCA
SUH378,SD_Sum_17_WT_Radula_Sac_4,No,No,Venomic_2,18S,RadulaSac,SanDiego,2017,CAGCTTACTAG
SUH379,SD_Sum_17_WT_Radula_Sac_5,No,No,Venomic_2,18S,RadulaSac,SanDiego,2017,CCAGATGATCG
SUH380,SD_Sum_17_WT_Egg_1,No,No,Venomic_2,18S,Whole_Egg,SanDiego,2017,ACTGTACGCGT
SUH381,SD_Sum_17_WT_Egg_2,No,No,Venomic_2,18S,Whole_Egg,SanDiego,2017,TCCTAGCAGTG
SUH382,SD_Sum_17_WT_Egg_Laid_3,No,No,Venomic_2,18S,Whole_Egg_Sac,SanDiego,2017,AGCGATGCCTT
SUH383,SD_Sum_17_WT_Egg_Laid_4,No,No,Venomic_2,18S,Whole_Egg_Sac,SanDiego,2017,CATCATGAGGC
SUH384,SD_Sum_17_WT_Larva_1_6_9_17,No,No,Venomic_2,18S,Larva,SanDiego,2017,GAAGTCTCGCA
SUH385,LA_Sum_17_WT_Egg_Laid_1_San_Onfore_6_22_17,No,No,Venomic_2,18S,Whole_Egg_Sac,LA,2017_Summer,GCACGTTCTAA
SUH386,MB_Sum_17_WT_Egg_Laid_1,No,No,Venomic_2,18S,Whole_Egg_Sac,MB,2017_Summer,CAGTGATCCTA
SUH387,MB_Sum_17_WT_Egg_Laid_2,No,No,Venomic_2,18S,Whole_Egg_Sac,MB,2017_Summer,TAGAGCCGTTA
SUH388,MX_0_5_km_SU_16_Sediment_1,No,No,Venomic_2,18S,Sediment_Control,PN_Minor,2016_Summer,TACAGATGGCT
SUH389,MX_0_5_km_SU_16_Sediment_2,No,No,Venomic_2,18S,Sediment_Control,PN_Minor,2016_Summer,CACGTGACATG
SUH390,MX_0_5_km_SU_16_Sediment_3,No,No,Venomic_2,18S,Sediment_Control,PN_Minor,2016_Summer,TGCGCGAATAC
SUH391,High_venom__triplicate_10_b,No,No,Venomic_2,18S,Control_Venom,Control,Control,TCCACAGGAGT
SUH392,High_venom__triplicate_10_c,No,No,Venomic_2,18S,Control_Venom,Control,Control,ACATCTTGACG
SUH393,High_water__triplicate_98_b,No,No,Venomic_2,18S,Control_Water,Control,Control,CGGACGTTCAT
SUH394,High_water__triplicate_98_c,No,No,Venomic_2,18S,Control_Water,Control,Control,CTCTAAGCATG
SUH396,MX_0_5_km_WI_16_3_Gland_2,Yes,No,Venomic_2,16S_V4,Whole_venom_gland,PN_Minor,2016_Winter_Day3,TATCGCACTAG
SUH397,MX_0_5_km_WI_16_3_Gland_3,Yes,No,Venomic_2,16S_V4,Whole_venom_gland,PN_Minor,2016_Winter_Day3,CGATATCGATC
SUH398,MX_0_5_km_WI_16_3_Gland_4,Yes,No,Venomic_2,16S_V4,Whole_venom_gland,PN_Minor,2016_Winter_Day3,CAGATGCGAGC
SUH399,MX_0_5_km_WI_16_3_Gland_5,Yes,No,Venomic_2,16S_V4,Whole_venom_gland,PN_Minor,2016_Winter_Day3,GCTCTAGAGTA
SUH400,SD_Sum_17_WT_Water_1,No,No,Venomic_2,16S_V4,Water_Env_Control,SanDiego,2017_Summer,AGCGATGCTCA
SUH401,SD_Sum_17_WT_Water_2,No,No,Venomic_2,16S_V4,Water_Env_Control,SanDiego,2017_Summer,AGATCGCTGTG
SUH402,SD_Sum_17_WT_Water_3,No,No,Venomic_2,16S_V4,Water_Env_Control,SanDiego,2017_Summer,CGTAGATGTCG
SUH403,SD_Sum_17_Sterile_Water_1,No,No,Venomic_2,16S_V4,Sterile_water_control,Control,2017,GCTACTCTGAG
SUH404,SD_Sum_17_Sterile_Water_2,No,No,Venomic_2,16S_V4,Sterile_water_control,Control,2017,GCGATGTCATC
SUH405,SD_Sum_17_150mg_L_TC_Water_2,No,No,Venomic_2,16S_V4,Water_Control_antibiotic_treatment_exp,Control,2017,TCGCATCTGAC
SUH406,SD_Sum_17_150mg_L_TC_Water_3,No,No,Venomic_2,16S_V4,Water_Control_antibiotic_treatment_exp,Control,2017,AGCACGATCTA
SUH407,SD_Sum_17_1_atm_Water_1,No,No,Venomic_2,16S_V4,Water_Control_1_atm_pressure_exp,Control,2017,CGACTAGCTCA
SUH408,SD_Sum_17_1_atm_Water_2,No,No,Venomic_2,16S_V4,Water_Control_1_atm_pressure_exp,Control,2017,AGTCGCATCGT
SUH409,SD_Sum_17_1_atm_Water_3,No,No,Venomic_2,16S_V4,Water_Control_1_atm_pressure_exp,Control,2017,CTACATGAGTG
SUH410,SD_Sum_17_100_PSI_Water_1,No,No,Venomic_2,16S_V4,Water_Control_100_PSI_pressure_exp,Control,2017,ACATGACATCG
SUH411,SD_Sum_17_100_PSI_Water_2,No,No,Venomic_2,16S_V4,Water_Control_100_PSI_pressure_exp,Control,2017,ACTGCGACGAG
SUH412,SD_Sum_17_100_PSI_Water_3,No,No,Venomic_2,16S_V4,Water_Control_100_PSI_pressure_exp,Control,2017,TCATGCGCATC
SUH413,SD_Sum_17_300_PSI_Water_1,No,No,Venomic_2,16S_V4,Water_Control_300_PSI_pressure_exp,Control,2017,TAGATCATGAC
SUH414,SD_Sum_17_300_PSI_Water_2,No,No,Venomic_2,16S_V4,Water_Control_300_PSI_pressure_exp,Control,2017,ACGATGTGCTA
SUH415,SD_Sum_17_300_PSI_Water_3,No,No,Venomic_2,16S_V4,Water_Control_300_PSI_pressure_exp,Control,2017,TAGTGCACTCA
SUH416,SD_Sum_17_Prey__10min_Water_1,No,No,Venomic_2,16S_V4,Water_Control_PreyExposure,Control,2017,GCTCATGTAGT
SUH417,SD_Sum_17_Prey__10min_Water_2,No,No,Venomic_2,16S_V4,Water_Control_PreyExposure,Control,2017,TAGCACGAGTG
SUH418,SD_Sum_17_Prey__10min_Water_3,No,No,Venomic_2,16S_V4,Water_Control_PreyExposure,Control,2017,AGTCTACTGCG
SUH419,SD_Sum_17_Prey__10min_Water_3_2,No,No,Venomic_2,16S_V4,Water_Control_PreyExposure,Control,2017,GTCTACACGAG
SUH420,Monterey_SU_17_Water_1,No,No,Venomic_2,16S_V4,Water_Control_Monterey,MB,2017_Summer,GACGACGCATC
SUH421,Monterey_SU_17_Water_2,No,No,Venomic_2,16S_V4,Water_Control_Monterey,MB,2017_Summer,GTGCACGCGAC
SUH422,Monterey_SU_17_Water_3,No,No,Venomic_2,16S_V4,Water_Control_Monterey,MB,2017_Summer,GCTCACAGCTA
SUH423,MX_0_5_km_SU_17_Water_1,No,No,Venomic_2,16S_V4,Water_Control_MX,PN_Minor,2016_Summer,GATATCGATCA
SUH424,MX_0_5_km_SU_17_Water_2,No,No,Venomic_2,16S_V4,Water_Control_MX,PN_Minor,2016_Summer,CTGTCATGAGT
SUH425,MX_0_5_km_SU_17_Water_3,No,No,Venomic_2,16S_V4,Water_Control_MX,PN_Minor,2016_Summer,AGCGATATCTG
SUH426,MX_0_5_km_SU_16_Water_1,No,No,Venomic_2,16S_V4,Water_Control_MX,PN_Minor,2016_Summer,ACATATACGCG
SUH427,MX_0_5_km_SU_16_Water_2,No,No,Venomic_2,16S_V4,Water_Control_MX,PN_Minor,2016_Summer,ACGACGTAGAG
SUH428,MX_0_5_km_SU_16_Water_3,No,No,Venomic_2,16S_V4,Water_Control_MX,PN_Minor,2016_Summer,CAGTCTGATGC
SUH429,MX_0_km_SU_17_Water_1,No,No,Venomic_2,16S_V4,Water_Control_MX,PN_Sheltered,2017_Summer,TGTGACGAGAC
SUH430,MX_0_km_SU_17_Water_2,No,No,Venomic_2,16S_V4,Water_Control_MX,PN_Sheltered,2017_Summer,TCGCGCTACTA
SUH431,MX_0_km_SU_17_Water_3,No,No,Venomic_2,16S_V4,Water_Control_MX,PN_Sheltered,2017_Summer,TGACAGCTGCA
SUH432,MX_1_5_km_SU_17_Water_1,No,No,Venomic_2,16S_V4,Water_Control_MX,PN_Major,2017_Summer,ATCATGTCAGT
SUH433,MX_1_5_km_SU_17_Water_2,No,No,Venomic_2,16S_V4,Water_Control_MX,PN_Major,2017_Summer,GACTAGTGCTG
SUH434,MX_1_5_km_SU_17_Water_3,No,No,Venomic_2,16S_V4,Water_Control_MX,PN_Major,2017_Summer,GATATGACGCG
SUH435,MX_0_5_km_WI_16_1_Water_1,No,No,Venomic_2,16S_V4,Water_Control_MX,PN_Minor,2016_Winter_Day1,CGAGACTAGAG
SUH436,MX_0_5_km_WI_16_1_Water_2,No,No,Venomic_2,16S_V4,Water_Control_MX,PN_Minor,2016_Winter_Day1,TCTAGCGATGC
SUH437,MX_0_5_km_WI_16_1_Water_3,No,No,Venomic_2,16S_V4,Water_Control_MX,PN_Minor,2016_Winter_Day1,ATCAGTGTCAC
SUH438,MX_0_5_km_WI_16_2_Water_1,No,No,Venomic_2,16S_V4,Water_Control_MX,PN_Minor,2016_Winter_Day2,ACGTCGACTGA
SUH439,MX_0_5_km_WI_16_2_Water_2,No,No,Venomic_2,16S_V4,Water_Control_MX,PN_Minor,2016_Winter_Day2,ACGTGTGAGCA
SUH440,MX_0_5_km_WI_16_2_Water_3,No,No,Venomic_2,16S_V4,Water_Control_MX,PN_Minor,2016_Winter_Day2,ATCTCAGCAGT
SUH441,MX_0_5_km_WI_16_3_Water_1,No,No,Venomic_2,16S_V4,Water_Control_MX,PN_Minor,2016_Winter_Day3,TGACACTGCTG
SUH442,MX_0_5_km_WI_16_3_Water_2,No,No,Venomic_2,16S_V4,Water_Control_MX,PN_Minor,2016_Winter_Day3,CTAGCTCAGCG
SUH443,MX_0_5_km_WI_16_3_Water_3,No,No,Venomic_2,16S_V4,Water_Control_MX,PN_Minor,2016_Winter_Day3,GCATATCAGAG
SUH453,SD_Sum_17_WT_Shell_1,No,No,Venomic_2,16S_V4,Shell,SanDiego,2017,GAGTAGATCAC
SUH454,SD_Sum_17_WT_Shell_2,No,No,Venomic_2,16S_V4,Shell,SanDiego,2017,ACTCTATGCGA
SUH455,SD_Sum_17_WT_Shell_3,No,No,Venomic_2,16S_V4,Shell,SanDiego,2017,GCTGATATACA
SUH456,SD_Sum_17_WT_Shell_4,No,No,Venomic_2,16S_V4,Shell,SanDiego,2017,TAGCGTACTCT
SUH459,SD_Sum_17_WT_Gut_2,No,No,Venomic_2,16S_V4,Gut_Tissue,SanDiego,2017,CGCATGATCAG
SUH460,SD_Sum_17_WT_Gut_3,No,No,Venomic_2,16S_V4,Gut_Tissue,SanDiego,2017,TACATAGTCGC
SUH462,SD_Sum_17_WT_Gut_5,No,No,Venomic_2,16S_V4,Gut_Tissue,SanDiego,2017,CTAGTCGACGA
SUH463,SD_Sum_17_WT_Radula_Sac_1,No,No,Venomic_2,16S_V4,RadulaSac,SanDiego,2017,CAGATCTGACA
SUH464,SD_Sum_17_WT_Radula_Sac_2,No,No,Venomic_2,16S_V4,RadulaSac,SanDiego,2017,CTGACTACTCT
SUH465,SD_Sum_17_WT_Radula_Sac_3,No,No,Venomic_2,16S_V4,RadulaSac,SanDiego,2017,CTAGACTGATG
SUH466,SD_Sum_17_WT_Radula_Sac_4,No,No,Venomic_2,16S_V4,RadulaSac,SanDiego,2017,CATGAGAGACG
SUH467,SD_Sum_17_WT_Radula_Sac_5,No,No,Venomic_2,16S_V4,RadulaSac,SanDiego,2017,GATCAGTACAG
SUH468,SD_Sum_17_WT_Egg_1,No,No,Venomic_2,16S_V4,Whole_Egg,SanDiego,2017,ATGTAGTGCGC
SUH469,SD_Sum_17_WT_Egg_2,No,No,Venomic_2,16S_V4,Whole_Egg,SanDiego,2017,GACGATGACAC
SUH470,SD_Sum_17_WT_Egg_Laid_3,No,No,Venomic_2,16S_V4,Whole_Egg_Sac,SanDiego,2017,CACTGTATAGA
SUH471,SD_Sum_17_WT_Egg_Laid_4,No,No,Venomic_2,16S_V4,Whole_Egg_Sac,SanDiego,2017,TGTAGCTGACA
SUH472,SD_Sum_17_WT_Larva_1_6_9_17,No,No,Venomic_2,16S_V4,Larva,SanDiego,2017,ACGTAGTATCT
SUH473,LA_Sum_17_WT_Egg_Laid_1_San_Onfore_6_22_17,No,No,Venomic_2,16S_V4,Whole_Egg_Sac,LA,2017_Summer,TCTACGAGATG
SUH474,MB_Sum_17_WT_Egg_Laid_1,No,No,Venomic_2,16S_V4,Whole_Egg_Sac,MB,2017_Summer,CATCACTGTAG
SUH475,MB_Sum_17_WT_Egg_Laid_2,No,No,Venomic_2,16S_V4,Whole_Egg_Sac,MB,2017_Summer,CGATGAGCGTC
SUH476,MX_0_5_km_SU_16_Sediment_1,No,No,Venomic_2,16S_V4,Sediment_Control,PN_Minor,2016_Summer,GCACGTATAGC
SUH477,MX_0_5_km_SU_16_Sediment_2,No,No,Venomic_2,16S_V4,Sediment_Control,PN_Minor,2016_Summer,CGCGCAGTGTA
SUH478,MX_0_5_km_SU_16_Sediment_3,No,No,Venomic_2,16S_V4,Sediment_Control,PN_Minor,2016_Summer,CGCACATCAGA
SUH479,High_venom__triplicate_10_b,No,No,Venomic_2,16S_V4,Control_Venom,Control,Control,GTCACGACACA
SUH480,High_venom__triplicate_10_c,No,No,Venomic_2,16S_V4,Control_Venom,Control,Control,AGAGCATATCT
SUH481,High_water__triplicate_98_b,No,No,Venomic_2,16S_V4,Control_Water,Control,Control,ACGATCGCTAG
SUH482,High_water__triplicate_98_c,No,No,Venomic_2,16S_V4,Control_Water,Control,Control,AGATGTAGCTC